scenario,layout,seed,method,reward,power,predicted_reward,test_wind_speed,test_wind_direction,train_wind_speed_min,train_wind_speed_max,train_wind_direction_min,train_wind_direction_max,n_turbines
Scenario 1,Ablaincourt_Floris,0,Do-Nothing,351.1667287349701,1271.6129523458412,,8.0,270.0,8.0,8.0,270.0,270.0,7
Scenario 1,Ablaincourt_Floris,0,Random,348.79618525505066,1262.8064957664253,,8.0,270.0,8.0,8.0,270.0,270.0,7
Scenario 1,Ablaincourt_Floris,0,GP,363.99104022979736,1317.0958021844176,366.18213072648643,8.0,270.0,8.0,8.0,270.0,270.0,7
Scenario 1,Ablaincourt_Floris,0,TabPFN-Fallback,363.98640394210815,1317.0958021844176,358.03187231222796,8.0,270.0,8.0,8.0,270.0,270.0,7
Scenario 1,Ablaincourt_Floris,0,GraphPFN,341.3085467815399,1236.5316620769604,348.6209411621094,8.0,270.0,8.0,8.0,270.0,270.0,7
Scenario 2,Ablaincourt_Floris,0,Do-Nothing,351.1667287349701,1271.6129523458412,,8.0,270.0,4.60479736328125,9.536691665649414,240.258544921875,331.32073974609375,7
Scenario 2,Ablaincourt_Floris,0,Random,348.79618525505066,1262.8064957664253,,8.0,270.0,4.60479736328125,9.536691665649414,240.258544921875,331.32073974609375,7
Scenario 2,Ablaincourt_Floris,0,GP,359.4430236816406,1300.949740699426,456.99664928488454,8.0,270.0,4.60479736328125,9.536691665649414,240.258544921875,331.32073974609375,7
Scenario 2,Ablaincourt_Floris,0,TabPFN-Fallback,353.1696848869324,1278.8398740671582,363.6098367621502,8.0,270.0,4.60479736328125,9.536691665649414,240.258544921875,331.32073974609375,7
Scenario 2,Ablaincourt_Floris,0,GraphPFN,341.3085467815399,1236.5316620769604,350.87188720703125,8.0,270.0,4.60479736328125,9.536691665649414,240.258544921875,331.32073974609375,7
Scenario 1,Ablaincourt_Floris,1,Do-Nothing,351.1667287349701,1271.6129523458412,,8.0,270.0,8.0,8.0,270.0,270.0,7
Scenario 1,Ablaincourt_Floris,1,Random,355.2067975997925,1285.8295184172034,,8.0,270.0,8.0,8.0,270.0,270.0,7
Scenario 1,Ablaincourt_Floris,1,GP,365.2400178909302,1321.54339568339,370.1707234359428,8.0,270.0,8.0,8.0,270.0,270.0,7
Scenario 1,Ablaincourt_Floris,1,TabPFN-Fallback,365.2980213165283,1321.747409044103,361.6204097251095,8.0,270.0,8.0,8.0,270.0,270.0,7
Scenario 1,Ablaincourt_Floris,1,GraphPFN,357.20061922073364,1293.2236984829408,350.97479248046875,8.0,270.0,8.0,8.0,270.0,270.0,7
Scenario 2,Ablaincourt_Floris,1,Do-Nothing,351.1667287349701,1271.6129523458412,,8.0,270.0,4.311367034912109,8.973167419433594,215.7742919921875,332.0008544921875,7
Scenario 2,Ablaincourt_Floris,1,Random,355.2067975997925,1285.8295184172034,,8.0,270.0,4.311367034912109,8.973167419433594,215.7742919921875,332.0008544921875,7
Scenario 2,Ablaincourt_Floris,1,GP,353.39413571357727,1279.17834786988,459.6797906679929,8.0,270.0,4.311367034912109,8.973167419433594,215.7742919921875,332.0008544921875,7
Scenario 2,Ablaincourt_Floris,1,TabPFN-Fallback,355.92157316207886,1288.6833195571244,400.2727561295029,8.0,270.0,4.311367034912109,8.973167419433594,215.7742919921875,332.0008544921875,7
Scenario 2,Ablaincourt_Floris,1,GraphPFN,353.9562373161316,1281.270712678448,376.26275634765625,8.0,270.0,4.311367034912109,8.973167419433594,215.7742919921875,332.0008544921875,7
Scenario 1,Ablaincourt_Floris,2,Do-Nothing,351.1667287349701,1271.6129523458412,,8.0,270.0,8.0,8.0,270.0,270.0,7
Scenario 1,Ablaincourt_Floris,2,Random,346.37366819381714,1254.8780095094019,,8.0,270.0,8.0,8.0,270.0,270.0,7
Scenario 1,Ablaincourt_Floris,2,GP,365.10117769241333,1321.037133615555,366.4094529162551,8.0,270.0,8.0,8.0,270.0,270.0,7
Scenario 1,Ablaincourt_Floris,2,TabPFN-Fallback,365.0964367389679,1321.037133615555,358.05597148338944,8.0,270.0,8.0,8.0,270.0,270.0,7
Scenario 1,Ablaincourt_Floris,2,GraphPFN,346.67818665504456,1255.567771807777,349.9197998046875,8.0,270.0,8.0,8.0,270.0,270.0,7
Scenario 2,Ablaincourt_Floris,2,Do-Nothing,351.1667287349701,1271.6129523458412,,8.0,270.0,3.463167905807495,9.33950424194336,230.60751342773438,311.1340637207031,7
Scenario 2,Ablaincourt_Floris,2,Random,346.37366819381714,1254.8780095094019,,8.0,270.0,3.463167905807495,9.33950424194336,230.60751342773438,311.1340637207031,7
Scenario 2,Ablaincourt_Floris,2,GP,357.0248501300812,1292.5001996950111,429.7470553111673,8.0,270.0,3.463167905807495,9.33950424194336,230.60751342773438,311.1340637207031,7
Scenario 2,Ablaincourt_Floris,2,TabPFN-Fallback,359.06029748916626,1299.1785606249616,385.86492465933173,8.0,270.0,3.463167905807495,9.33950424194336,230.60751342773438,311.1340637207031,7
Scenario 2,Ablaincourt_Floris,2,GraphPFN,346.67818665504456,1255.567771807777,335.2420349121094,8.0,270.0,3.463167905807495,9.33950424194336,230.60751342773438,311.1340637207031,7
Scenario 1,HornsRev1_Floris,0,Do-Nothing,170.85654520988464,7114.483221048758,,8.0,270.0,8.0,8.0,270.0,270.0,80
Scenario 1,HornsRev1_Floris,0,Random,175.48787665367126,7309.281974703527,,8.0,270.0,8.0,8.0,270.0,270.0,80
Scenario 1,HornsRev1_Floris,0,GP,179.54648005962372,7478.379267524286,179.5464780999654,8.0,270.0,8.0,8.0,270.0,270.0,80
Scenario 1,HornsRev1_Floris,0,TabPFN-Fallback,181.55730319023132,7561.94768025383,177.17108727494875,8.0,270.0,8.0,8.0,270.0,270.0,80
Scenario 1,HornsRev1_Floris,0,GraphPFN,173.75458824634552,7237.232133377066,175.49615478515625,8.0,270.0,8.0,8.0,270.0,270.0,80
Scenario 2,HornsRev1_Floris,0,Do-Nothing,170.85654520988464,7114.483221048758,,8.0,270.0,5.291988372802734,9.120687484741211,219.0819091796875,318.3382568359375,80
Scenario 2,HornsRev1_Floris,0,Random,175.48787665367126,7309.281974703527,,8.0,270.0,5.291988372802734,9.120687484741211,219.0819091796875,318.3382568359375,80
Scenario 2,HornsRev1_Floris,0,GP,179.54648005962372,7478.379267524286,335.7884521484375,8.0,270.0,5.291988372802734,9.120687484741211,219.0819091796875,318.3382568359375,80
Scenario 2,HornsRev1_Floris,0,TabPFN-Fallback,175.06691443920135,7291.939052681676,365.32715606689453,8.0,270.0,5.291988372802734,9.120687484741211,219.0819091796875,318.3382568359375,80
Scenario 2,HornsRev1_Floris,0,GraphPFN,176.19539713859558,7340.0449392330975,336.7629699707031,8.0,270.0,5.291988372802734,9.120687484741211,219.0819091796875,318.3382568359375,80
Scenario 1,HornsRev1_Floris,1,Do-Nothing,170.85654520988464,7114.483221048758,,8.0,270.0,8.0,8.0,270.0,270.0,80
Scenario 1,HornsRev1_Floris,1,Random,174.85007882118225,7282.209565288648,,8.0,270.0,8.0,8.0,270.0,270.0,80
Scenario 1,HornsRev1_Floris,1,GP,177.7630194425583,7404.831389785344,177.76022571474542,8.0,270.0,8.0,8.0,270.0,270.0,80
Scenario 1,HornsRev1_Floris,1,TabPFN-Fallback,175.74805641174316,7319.742445673311,176.02148556709284,8.0,270.0,8.0,8.0,270.0,270.0,80
Scenario 1,HornsRev1_Floris,1,GraphPFN,175.30255484580994,7301.257456970891,174.99005126953125,8.0,270.0,8.0,8.0,270.0,270.0,80
Scenario 2,HornsRev1_Floris,1,Do-Nothing,170.85654520988464,7114.483221048758,,8.0,270.0,4.788570880889893,9.581036567687988,238.44644165039062,309.75018310546875,80
Scenario 2,HornsRev1_Floris,1,Random,174.85007882118225,7282.209565288648,,8.0,270.0,4.788570880889893,9.581036567687988,238.44644165039062,309.75018310546875,80
Scenario 2,HornsRev1_Floris,1,GP,174.85007882118225,7282.209565288648,351.05338828117067,8.0,270.0,4.788570880889893,9.581036567687988,238.44644165039062,309.75018310546875,80
Scenario 2,HornsRev1_Floris,1,TabPFN-Fallback,177.71294367313385,7401.425311775209,301.3229786157609,8.0,270.0,4.788570880889893,9.581036567687988,238.44644165039062,309.75018310546875,80
Scenario 2,HornsRev1_Floris,1,GraphPFN,176.14366805553436,7337.515970416585,318.4731750488281,8.0,270.0,4.788570880889893,9.581036567687988,238.44644165039062,309.75018310546875,80
Scenario 1,HornsRev1_Floris,2,Do-Nothing,170.85654520988464,7114.483221048758,,8.0,270.0,8.0,8.0,270.0,270.0,80
Scenario 1,HornsRev1_Floris,2,Random,175.10825538635254,7293.630267868434,,8.0,270.0,8.0,8.0,270.0,270.0,80
Scenario 1,HornsRev1_Floris,2,GP,178.73868870735168,7445.616965336109,178.71500063366977,8.0,270.0,8.0,8.0,270.0,270.0,80
Scenario 1,HornsRev1_Floris,2,TabPFN-Fallback,173.81723475456238,7239.339990794505,176.28517202536273,8.0,270.0,8.0,8.0,270.0,270.0,80
Scenario 1,HornsRev1_Floris,2,GraphPFN,176.10370087623596,7336.767672975599,175.10472106933594,8.0,270.0,8.0,8.0,270.0,270.0,80
Scenario 2,HornsRev1_Floris,2,Do-Nothing,170.85654520988464,7114.483221048758,,8.0,270.0,5.899975776672363,9.677534103393555,233.75277709960938,296.82989501953125,80
Scenario 2,HornsRev1_Floris,2,Random,175.10825538635254,7293.630267868434,,8.0,270.0,5.899975776672363,9.677534103393555,233.75277709960938,296.82989501953125,80
Scenario 2,HornsRev1_Floris,2,GP,173.903266787529,7244.244328019588,354.2674560546875,8.0,270.0,5.899975776672363,9.677534103393555,233.75277709960938,296.82989501953125,80
Scenario 2,HornsRev1_Floris,2,TabPFN-Fallback,175.34172356128693,7302.820753744049,342.98477907975524,8.0,270.0,5.899975776672363,9.677534103393555,233.75277709960938,296.82989501953125,80
Scenario 2,HornsRev1_Floris,2,GraphPFN,176.10370087623596,7336.767672975599,355.21551513671875,8.0,270.0,5.899975776672363,9.677534103393555,233.75277709960938,296.82989501953125,80
Scenario 1,HornsRev2_Floris,0,Do-Nothing,366.1971244812012,17176.019426271585,,8.0,270.0,8.0,8.0,270.0,270.0,91
Scenario 1,HornsRev2_Floris,0,Random,364.5194013118744,17099.870938745793,,8.0,270.0,8.0,8.0,270.0,270.0,91
Scenario 1,HornsRev2_Floris,0,GP,367.32142663002014,17230.08390220746,367.3188980141735,8.0,270.0,8.0,8.0,270.0,270.0,91
Scenario 1,HornsRev2_Floris,0,TabPFN-Fallback,364.7388997077942,17108.486447290357,365.81457610925037,8.0,270.0,8.0,8.0,270.0,270.0,91
Scenario 1,HornsRev2_Floris,0,GraphPFN,365.3001432418823,17135.978583999196,364.7945251464844,8.0,270.0,8.0,8.0,270.0,270.0,91
Scenario 2,HornsRev2_Floris,0,Do-Nothing,366.1971244812012,17176.019426271585,,8.0,270.0,4.156460762023926,9.490187644958496,216.90101623535156,309.53302001953125,91
Scenario 2,HornsRev2_Floris,0,Random,364.5194013118744,17099.870938745793,,8.0,270.0,4.156460762023926,9.490187644958496,216.90101623535156,309.53302001953125,91
Scenario 2,HornsRev2_Floris,0,GP,364.5194013118744,17099.870938745793,374.5410461425781,8.0,270.0,4.156460762023926,9.490187644958496,216.90101623535156,309.53302001953125,91
Scenario 2,HornsRev2_Floris,0,TabPFN-Fallback,364.2246096134186,17085.37282383918,386.9576557079951,8.0,270.0,4.156460762023926,9.490187644958496,216.90101623535156,309.53302001953125,91
Scenario 2,HornsRev2_Floris,0,GraphPFN,365.82915210723877,17157.63906874003,374.77142333984375,8.0,270.0,4.156460762023926,9.490187644958496,216.90101623535156,309.53302001953125,91
Scenario 1,HornsRev2_Floris,1,Do-Nothing,366.1971244812012,17176.019426271585,,8.0,270.0,8.0,8.0,270.0,270.0,91
Scenario 1,HornsRev2_Floris,1,Random,363.9161388874054,17072.265691746536,,8.0,270.0,8.0,8.0,270.0,270.0,91
Scenario 1,HornsRev2_Floris,1,GP,367.8235411643982,17254.800611297742,367.823545484715,8.0,270.0,8.0,8.0,270.0,270.0,91
Scenario 1,HornsRev2_Floris,1,TabPFN-Fallback,368.42845582962036,17280.18760179292,366.0224250356355,8.0,270.0,8.0,8.0,270.0,270.0,91
Scenario 1,HornsRev2_Floris,1,GraphPFN,366.43344712257385,17186.611060941246,364.5171203613281,8.0,270.0,8.0,8.0,270.0,270.0,91
Scenario 2,HornsRev2_Floris,1,Do-Nothing,366.1971244812012,17176.019426271585,,8.0,270.0,4.828213691711426,8.796438217163086,233.4022674560547,332.0008544921875,91
Scenario 2,HornsRev2_Floris,1,Random,363.9161388874054,17072.265691746536,,8.0,270.0,4.828213691711426,8.796438217163086,233.4022674560547,332.0008544921875,91
Scenario 2,HornsRev2_Floris,1,GP,365.69379568099976,17155.488101411473,376.32257080078125,8.0,270.0,4.828213691711426,8.796438217163086,233.4022674560547,332.0008544921875,91
Scenario 2,HornsRev2_Floris,1,TabPFN-Fallback,368.1040234565735,17265.851736105193,388.5889927347503,8.0,270.0,4.828213691711426,8.796438217163086,233.4022674560547,332.0008544921875,91
Scenario 2,HornsRev2_Floris,1,GraphPFN,366.43344712257385,17186.611060941246,376.5419921875,8.0,270.0,4.828213691711426,8.796438217163086,233.4022674560547,332.0008544921875,91
Scenario 1,HornsRev2_Floris,2,Do-Nothing,366.1971244812012,17176.019426271585,,8.0,270.0,8.0,8.0,270.0,270.0,91
Scenario 1,HornsRev2_Floris,2,Random,364.97244811058044,17121.218709578065,,8.0,270.0,8.0,8.0,270.0,270.0,91
Scenario 1,HornsRev2_Floris,2,GP,369.62690687179565,17338.547915240983,369.62214426366677,8.0,270.0,8.0,8.0,270.0,270.0,91
Scenario 1,HornsRev2_Floris,2,TabPFN-Fallback,368.6724944114685,17293.843045312584,366.51149723927176,8.0,270.0,8.0,8.0,270.0,270.0,91
Scenario 1,HornsRev2_Floris,2,GraphPFN,364.96685457229614,17119.85561090408,364.9005126953125,8.0,270.0,8.0,8.0,270.0,270.0,91
Scenario 2,HornsRev2_Floris,2,Do-Nothing,366.1971244812012,17176.019426271585,,8.0,270.0,5.214499473571777,9.515117645263672,230.35888671875,298.5708923339844,91
Scenario 2,HornsRev2_Floris,2,Random,364.97244811058044,17121.218709578065,,8.0,270.0,5.214499473571777,9.515117645263672,230.35888671875,298.5708923339844,91
Scenario 2,HornsRev2_Floris,2,GP,363.54937720298767,17053.042207007293,376.41570075738485,8.0,270.0,5.214499473571777,9.515117645263672,230.35888671875,298.5708923339844,91
Scenario 2,HornsRev2_Floris,2,TabPFN-Fallback,366.87080907821655,17207.584389513708,383.4897231459618,8.0,270.0,5.214499473571777,9.515117645263672,230.35888671875,298.5708923339844,91
Scenario 2,HornsRev2_Floris,2,GraphPFN,364.96685457229614,17119.85561090408,376.63232421875,8.0,270.0,5.214499473571777,9.515117645263672,230.35888671875,298.5708923339844,91
Scenario 1,Ormonde_Floris,0,Do-Nothing,353.1181888580322,5455.143190850181,,8.0,270.0,8.0,8.0,270.0,270.0,30
Scenario 1,Ormonde_Floris,0,Random,353.99995017051697,5469.207962204144,,8.0,270.0,8.0,8.0,270.0,270.0,30
Scenario 1,Ormonde_Floris,0,GP,357.02259159088135,5516.451546742363,357.0225825604494,8.0,270.0,8.0,8.0,270.0,270.0,30
Scenario 1,Ormonde_Floris,0,TabPFN-Fallback,356.96012020111084,5515.565661074937,355.70757073163986,8.0,270.0,8.0,8.0,270.0,270.0,30
Scenario 1,Ormonde_Floris,0,GraphPFN,355.45128989219666,5491.909527799682,354.25042724609375,8.0,270.0,8.0,8.0,270.0,270.0,30
Scenario 2,Ormonde_Floris,0,Do-Nothing,353.1181888580322,5455.143190850181,,8.0,270.0,5.930423736572266,9.5352783203125,238.54698181152344,319.4486999511719,30
Scenario 2,Ormonde_Floris,0,Random,353.99995017051697,5469.207962204144,,8.0,270.0,5.930423736572266,9.5352783203125,238.54698181152344,319.4486999511719,30
Scenario 2,Ormonde_Floris,0,GP,353.99995017051697,5469.207962204144,418.6895446777344,8.0,270.0,5.930423736572266,9.5352783203125,238.54698181152344,319.4486999511719,30
Scenario 2,Ormonde_Floris,0,TabPFN-Fallback,355.24228048324585,5488.517826447507,436.2935195763907,8.0,270.0,5.930423736572266,9.5352783203125,238.54698181152344,319.4486999511719,30
Scenario 2,Ormonde_Floris,0,GraphPFN,355.92801809310913,5499.339159055678,419.17083740234375,8.0,270.0,5.930423736572266,9.5352783203125,238.54698181152344,319.4486999511719,30
Scenario 1,Ormonde_Floris,1,Do-Nothing,353.1181888580322,5455.143190850181,,8.0,270.0,8.0,8.0,270.0,270.0,30
Scenario 1,Ormonde_Floris,1,Random,353.8094093799591,5466.220247573897,,8.0,270.0,8.0,8.0,270.0,270.0,30
Scenario 1,Ormonde_Floris,1,GP,357.2654662132263,5520.233979817996,356.06309577204286,8.0,270.0,8.0,8.0,270.0,270.0,30
Scenario 1,Ormonde_Floris,1,TabPFN-Fallback,356.1213917732239,5502.37896905042,355.38267536958085,8.0,270.0,8.0,8.0,270.0,270.0,30
Scenario 1,Ormonde_Floris,1,GraphPFN,353.8487582206726,5466.850729693754,353.8716735839844,8.0,270.0,8.0,8.0,270.0,270.0,30
Scenario 2,Ormonde_Floris,1,Do-Nothing,353.1181888580322,5455.143190850181,,8.0,270.0,4.6825852394104,9.634140968322754,238.3828887939453,312.3567810058594,30
Scenario 2,Ormonde_Floris,1,Random,353.8094093799591,5466.220247573897,,8.0,270.0,4.6825852394104,9.634140968322754,238.3828887939453,312.3567810058594,30
Scenario 2,Ormonde_Floris,1,GP,354.84955310821533,5482.414180674294,405.05258707933797,8.0,270.0,4.6825852394104,9.634140968322754,238.3828887939453,312.3567810058594,30
Scenario 2,Ormonde_Floris,1,TabPFN-Fallback,354.7278037071228,5480.5969723693515,422.7421680688857,8.0,270.0,4.6825852394104,9.634140968322754,238.3828887939453,312.3567810058594,30
Scenario 2,Ormonde_Floris,1,GraphPFN,353.8487582206726,5466.850729693754,376.2727355957031,8.0,270.0,4.6825852394104,9.634140968322754,238.3828887939453,312.3567810058594,30
Scenario 1,Ormonde_Floris,2,Do-Nothing,353.1181888580322,5455.143190850181,,8.0,270.0,8.0,8.0,270.0,270.0,30
Scenario 1,Ormonde_Floris,2,Random,353.8188397884369,5466.533414770578,,8.0,270.0,8.0,8.0,270.0,270.0,30
Scenario 1,Ormonde_Floris,2,GP,356.66945791244507,5511.060354863752,355.5445480171481,8.0,270.0,8.0,8.0,270.0,270.0,30
Scenario 1,Ormonde_Floris,2,TabPFN-Fallback,355.93033814430237,5499.4630902213885,355.44847863912605,8.0,270.0,8.0,8.0,270.0,270.0,30
Scenario 1,Ormonde_Floris,2,GraphPFN,355.3798339366913,5490.715155422924,354.09320068359375,8.0,270.0,8.0,8.0,270.0,270.0,30
Scenario 2,Ormonde_Floris,2,Do-Nothing,353.1181888580322,5455.143190850181,,8.0,270.0,4.849485397338867,9.33950424194336,216.28810119628906,331.0252990722656,30
Scenario 2,Ormonde_Floris,2,Random,353.8188397884369,5466.533414770578,,8.0,270.0,4.849485397338867,9.33950424194336,216.28810119628906,331.0252990722656,30
Scenario 2,Ormonde_Floris,2,GP,351.32437229156494,5427.492344180417,424.8386925470258,8.0,270.0,4.849485397338867,9.33950424194336,216.28810119628906,331.0252990722656,30
Scenario 2,Ormonde_Floris,2,TabPFN-Fallback,354.91359758377075,5483.6099803065235,438.32758224010456,8.0,270.0,4.849485397338867,9.33950424194336,216.28810119628906,331.0252990722656,30
Scenario 2,Ormonde_Floris,2,GraphPFN,355.6864113807678,5495.592483798743,412.7821044921875,8.0,270.0,4.849485397338867,9.33950424194336,216.28810119628906,331.0252990722656,30
Scenario 1,Turb10_Row1_Floris,0,Do-Nothing,153.96447718143463,803.5031435384899,,8.0,270.0,8.0,8.0,270.0,270.0,10
Scenario 1,Turb10_Row1_Floris,0,Random,159.80546522140503,834.1809742075376,,8.0,270.0,8.0,8.0,270.0,270.0,10
Scenario 1,Turb10_Row1_Floris,0,GP,182.137220621109,950.3275363939218,166.46327584300917,8.0,270.0,8.0,8.0,270.0,270.0,10
Scenario 1,Turb10_Row1_Floris,0,TabPFN-Fallback,162.62896406650543,848.9120450968362,164.8325274844964,8.0,270.0,8.0,8.0,270.0,270.0,10
Scenario 1,Turb10_Row1_Floris,0,GraphPFN,155.96663355827332,814.0618243805108,158.60557556152344,8.0,270.0,8.0,8.0,270.0,270.0,10
Scenario 2,Turb10_Row1_Floris,0,Do-Nothing,153.96447718143463,803.5031435384899,,8.0,270.0,5.496924877166748,10.189892768859863,240.52224731445312,325.11614990234375,10
Scenario 2,Turb10_Row1_Floris,0,Random,159.80546522140503,834.1809742075376,,8.0,270.0,5.496924877166748,10.189892768859863,240.52224731445312,325.11614990234375,10
Scenario 2,Turb10_Row1_Floris,0,GP,154.66818177700043,807.4817885460916,463.5972783276653,8.0,270.0,5.496924877166748,10.189892768859863,240.52224731445312,325.11614990234375,10
Scenario 2,Turb10_Row1_Floris,0,TabPFN-Fallback,158.63979351520538,828.0185491230776,344.1070361832777,8.0,270.0,5.496924877166748,10.189892768859863,240.52224731445312,325.11614990234375,10
Scenario 2,Turb10_Row1_Floris,0,GraphPFN,155.98911821842194,814.4572409792797,383.5418395996094,8.0,270.0,5.496924877166748,10.189892768859863,240.52224731445312,325.11614990234375,10
Scenario 1,Turb10_Row1_Floris,1,Do-Nothing,153.96447718143463,803.5031435384899,,8.0,270.0,8.0,8.0,270.0,270.0,10
Scenario 1,Turb10_Row1_Floris,1,Random,154.69810593128204,807.4281391635375,,8.0,270.0,8.0,8.0,270.0,270.0,10
Scenario 1,Turb10_Row1_Floris,1,GP,174.10547590255737,908.3799183898008,174.10546847926193,8.0,270.0,8.0,8.0,270.0,270.0,10
Scenario 1,Turb10_Row1_Floris,1,TabPFN-Fallback,170.1592197418213,888.0918499922949,165.8561680664619,8.0,270.0,8.0,8.0,270.0,270.0,10
Scenario 1,Turb10_Row1_Floris,1,GraphPFN,155.46979677677155,811.8639457513572,158.57470703125,8.0,270.0,8.0,8.0,270.0,270.0,10
Scenario 2,Turb10_Row1_Floris,1,Do-Nothing,153.96447718143463,803.5031435384899,,8.0,270.0,5.027004241943359,8.904255867004395,237.3830108642578,312.7274475097656,10
Scenario 2,Turb10_Row1_Floris,1,Random,154.69810593128204,807.4281391635375,,8.0,270.0,5.027004241943359,8.904255867004395,237.3830108642578,312.7274475097656,10
Scenario 2,Turb10_Row1_Floris,1,GP,154.69810593128204,807.4281391635375,370.62774658203125,8.0,270.0,5.027004241943359,8.904255867004395,237.3830108642578,312.7274475097656,10
Scenario 2,Turb10_Row1_Floris,1,TabPFN-Fallback,158.6273226737976,827.9353126949029,242.25702252487352,8.0,270.0,5.027004241943359,8.904255867004395,237.3830108642578,312.7274475097656,10
Scenario 2,Turb10_Row1_Floris,1,GraphPFN,170.81058025360107,891.6551430623852,372.258056640625,8.0,270.0,5.027004241943359,8.904255867004395,237.3830108642578,312.7274475097656,10
Scenario 1,Turb10_Row1_Floris,2,Do-Nothing,153.96447718143463,803.5031435384899,,8.0,270.0,8.0,8.0,270.0,270.0,10
Scenario 1,Turb10_Row1_Floris,2,Random,155.29012537002563,810.831714555987,,8.0,270.0,8.0,8.0,270.0,270.0,10
Scenario 1,Turb10_Row1_Floris,2,GP,168.3688122034073,878.7249130196662,168.03778964256026,8.0,270.0,8.0,8.0,270.0,270.0,10
Scenario 1,Turb10_Row1_Floris,2,TabPFN-Fallback,158.32704555988312,826.2992449665933,165.61846733589962,8.0,270.0,8.0,8.0,270.0,270.0,10
Scenario 1,Turb10_Row1_Floris,2,GraphPFN,159.09965825080872,830.560354621395,158.47146606445312,8.0,270.0,8.0,8.0,270.0,270.0,10
Scenario 2,Turb10_Row1_Floris,2,Do-Nothing,153.96447718143463,803.5031435384899,,8.0,270.0,4.849485397338867,9.661709785461426,216.28810119628906,319.146728515625,10
Scenario 2,Turb10_Row1_Floris,2,Random,155.29012537002563,810.831714555987,,8.0,270.0,4.849485397338867,9.661709785461426,216.28810119628906,319.146728515625,10
Scenario 2,Turb10_Row1_Floris,2,GP,155.22172379493713,810.2732079595938,481.470742794727,8.0,270.0,4.849485397338867,9.661709785461426,216.28810119628906,319.146728515625,10
Scenario 2,Turb10_Row1_Floris,2,TabPFN-Fallback,157.6831580400467,823.7761820862971,362.24338195224607,8.0,270.0,4.849485397338867,9.661709785461426,216.28810119628906,319.146728515625,10
Scenario 2,Turb10_Row1_Floris,2,GraphPFN,155.20519065856934,810.3010868095861,395.8427734375,8.0,270.0,4.849485397338867,9.661709785461426,216.28810119628906,319.146728515625,10
Scenario 1,Turb11_Row1_Floris,0,Do-Nothing,151.40993762016296,869.6979297459562,,8.0,270.0,8.0,8.0,270.0,270.0,11
Scenario 1,Turb11_Row1_Floris,0,Random,159.2105439901352,914.6643022996486,,8.0,270.0,8.0,8.0,270.0,270.0,11
Scenario 1,Turb11_Row1_Floris,0,GP,172.312349319458,989.8076265836835,168.2394543016838,8.0,270.0,8.0,8.0,270.0,270.0,11
Scenario 1,Turb11_Row1_Floris,0,TabPFN-Fallback,175.1855753660202,1006.1435217930302,164.42251156270504,8.0,270.0,8.0,8.0,270.0,270.0,11
Scenario 1,Turb11_Row1_Floris,0,GraphPFN,154.6457178592682,888.4507074475831,156.85816955566406,8.0,270.0,8.0,8.0,270.0,270.0,11
Scenario 2,Turb11_Row1_Floris,0,Do-Nothing,151.40993762016296,869.6979297459562,,8.0,270.0,3.4819211959838867,9.5352783203125,223.4993896484375,294.57366943359375,11
Scenario 2,Turb11_Row1_Floris,0,Random,159.2105439901352,914.6643022996486,,8.0,270.0,3.4819211959838867,9.5352783203125,223.4993896484375,294.57366943359375,11
Scenario 2,Turb11_Row1_Floris,0,GP,166.43807554244995,955.9875842479704,437.6775934896307,8.0,270.0,3.4819211959838867,9.5352783203125,223.4993896484375,294.57366943359375,11
Scenario 2,Turb11_Row1_Floris,0,TabPFN-Fallback,153.55591320991516,882.7549700535819,247.8848244547845,8.0,270.0,3.4819211959838867,9.5352783203125,223.4993896484375,294.57366943359375,11
Scenario 2,Turb11_Row1_Floris,0,GraphPFN,152.92628502845764,878.6701238110004,375.07958984375,8.0,270.0,3.4819211959838867,9.5352783203125,223.4993896484375,294.57366943359375,11
Scenario 1,Turb11_Row1_Floris,1,Do-Nothing,151.40993762016296,869.6979297459562,,8.0,270.0,8.0,8.0,270.0,270.0,11
Scenario 1,Turb11_Row1_Floris,1,Random,151.91517055034637,872.707829186762,,8.0,270.0,8.0,8.0,270.0,270.0,11
Scenario 1,Turb11_Row1_Floris,1,GP,172.5758842229843,991.2677471124905,171.8825257481621,8.0,270.0,8.0,8.0,270.0,270.0,11
Scenario 1,Turb11_Row1_Floris,1,TabPFN-Fallback,170.94716489315033,981.9556779107731,165.09874280293778,8.0,270.0,8.0,8.0,270.0,270.0,11
Scenario 1,Turb11_Row1_Floris,1,GraphPFN,158.64540553092957,911.3816182185449,156.44241333007812,8.0,270.0,8.0,8.0,270.0,270.0,11
Scenario 2,Turb11_Row1_Floris,1,Do-Nothing,151.40993762016296,869.6979297459562,,8.0,270.0,4.269207954406738,9.591336250305176,232.21974182128906,312.7274475097656,11
Scenario 2,Turb11_Row1_Floris,1,Random,151.91517055034637,872.707829186762,,8.0,270.0,4.269207954406738,9.591336250305176,232.21974182128906,312.7274475097656,11
Scenario 2,Turb11_Row1_Floris,1,GP,151.91517055034637,872.707829186762,422.8734866090965,8.0,270.0,4.269207954406738,9.591336250305176,232.21974182128906,312.7274475097656,11
Scenario 2,Turb11_Row1_Floris,1,TabPFN-Fallback,155.67328536510468,894.2234102337106,229.79266621669123,8.0,270.0,4.269207954406738,9.591336250305176,232.21974182128906,312.7274475097656,11
Scenario 2,Turb11_Row1_Floris,1,GraphPFN,157.32158184051514,903.8515779702898,381.95001220703125,8.0,270.0,4.269207954406738,9.591336250305176,232.21974182128906,312.7274475097656,11
Scenario 1,Turb11_Row1_Floris,2,Do-Nothing,151.40993762016296,869.6979297459562,,8.0,270.0,8.0,8.0,270.0,270.0,11
Scenario 1,Turb11_Row1_Floris,2,Random,152.50058460235596,876.3775064502533,,8.0,270.0,8.0,8.0,270.0,270.0,11
Scenario 1,Turb11_Row1_Floris,2,GP,161.9681580066681,930.446634648771,161.9230822361674,8.0,270.0,8.0,8.0,270.0,270.0,11
Scenario 1,Turb11_Row1_Floris,2,TabPFN-Fallback,173.15562796592712,994.4637611326627,158.6557580679655,8.0,270.0,8.0,8.0,270.0,270.0,11
Scenario 1,Turb11_Row1_Floris,2,GraphPFN,155.90546083450317,895.7826680562209,155.1919708251953,8.0,270.0,8.0,8.0,270.0,270.0,11
Scenario 2,Turb11_Row1_Floris,2,Do-Nothing,151.40993762016296,869.6979297459562,,8.0,270.0,4.369828224182129,9.140486717224121,226.77932739257812,296.8761291503906,11
Scenario 2,Turb11_Row1_Floris,2,Random,152.50058460235596,876.3775064502533,,8.0,270.0,4.369828224182129,9.140486717224121,226.77932739257812,296.8761291503906,11
Scenario 2,Turb11_Row1_Floris,2,GP,157.84325218200684,906.7050927349128,434.4644662180572,8.0,270.0,4.369828224182129,9.140486717224121,226.77932739257812,296.8761291503906,11
Scenario 2,Turb11_Row1_Floris,2,TabPFN-Fallback,154.5044823884964,887.5093395235233,290.924294302861,8.0,270.0,4.369828224182129,9.140486717224121,226.77932739257812,296.8761291503906,11
Scenario 2,Turb11_Row1_Floris,2,GraphPFN,153.8192721605301,883.93841416984,402.79986572265625,8.0,270.0,4.369828224182129,9.140486717224121,226.77932739257812,296.8761291503906,11
Scenario 1,Turb12_Row1_Floris,0,Do-Nothing,149.30579376220703,936.0774073920564,,8.0,270.0,8.0,8.0,270.0,270.0,12
Scenario 1,Turb12_Row1_Floris,0,Random,159.37022924423218,999.1961463372038,,8.0,270.0,8.0,8.0,270.0,270.0,12
Scenario 1,Turb12_Row1_Floris,0,GP,163.72663795948029,1026.4095946360312,164.86097208502323,8.0,270.0,8.0,8.0,270.0,270.0,12
Scenario 1,Turb12_Row1_Floris,0,TabPFN-Fallback,164.46910166740417,1031.1365601471118,159.1732560793559,8.0,270.0,8.0,8.0,270.0,270.0,12
Scenario 1,Turb12_Row1_Floris,0,GraphPFN,152.18261110782623,954.2972336846551,154.4071044921875,8.0,270.0,8.0,8.0,270.0,270.0,12
Scenario 2,Turb12_Row1_Floris,0,Do-Nothing,149.30579376220703,936.0774073920564,,8.0,270.0,4.2750725746154785,9.119462013244629,222.6939239501953,286.89776611328125,12
Scenario 2,Turb12_Row1_Floris,0,Random,159.37022924423218,999.1961463372038,,8.0,270.0,4.2750725746154785,9.119462013244629,222.6939239501953,286.89776611328125,12
Scenario 2,Turb12_Row1_Floris,0,GP,155.2218940258026,973.244524521525,421.8644546155654,8.0,270.0,4.2750725746154785,9.119462013244629,222.6939239501953,286.89776611328125,12
Scenario 2,Turb12_Row1_Floris,0,TabPFN-Fallback,151.87643867731094,952.6812646930354,232.8905350963274,8.0,270.0,4.2750725746154785,9.119462013244629,222.6939239501953,286.89776611328125,12
Scenario 2,Turb12_Row1_Floris,0,GraphPFN,152.48113548755646,956.2874213478244,379.80389404296875,8.0,270.0,4.2750725746154785,9.119462013244629,222.6939239501953,286.89776611328125,12
Scenario 1,Turb12_Row1_Floris,1,Do-Nothing,149.30579376220703,936.0774073920564,,8.0,270.0,8.0,8.0,270.0,270.0,12
Scenario 1,Turb12_Row1_Floris,1,Random,149.88849365711212,939.8399751276054,,8.0,270.0,8.0,8.0,270.0,270.0,12
Scenario 1,Turb12_Row1_Floris,1,GP,168.808624625206,1058.2949921580112,168.80862378518475,8.0,270.0,8.0,8.0,270.0,270.0,12
Scenario 1,Turb12_Row1_Floris,1,TabPFN-Fallback,163.42617273330688,1024.5324897702192,158.3447939256827,8.0,270.0,8.0,8.0,270.0,270.0,12
Scenario 1,Turb12_Row1_Floris,1,GraphPFN,151.3683112859726,949.5115652778504,153.6259765625,8.0,270.0,8.0,8.0,270.0,270.0,12
Scenario 2,Turb12_Row1_Floris,1,Do-Nothing,149.30579376220703,936.0774073920564,,8.0,270.0,5.381954193115234,9.364736557006836,229.61468505859375,320.95794677734375,12
Scenario 2,Turb12_Row1_Floris,1,Random,149.88849365711212,939.8399751276054,,8.0,270.0,5.381954193115234,9.364736557006836,229.61468505859375,320.95794677734375,12
Scenario 2,Turb12_Row1_Floris,1,GP,150.13020956516266,941.4090856602407,441.6255795383295,8.0,270.0,5.381954193115234,9.364736557006836,229.61468505859375,320.95794677734375,12
Scenario 2,Turb12_Row1_Floris,1,TabPFN-Fallback,152.39150249958038,956.0709395819704,279.9351011415323,8.0,270.0,5.381954193115234,9.364736557006836,229.61468505859375,320.95794677734375,12
Scenario 2,Turb12_Row1_Floris,1,GraphPFN,155.70991218090057,976.4799670879675,390.54425048828125,8.0,270.0,5.381954193115234,9.364736557006836,229.61468505859375,320.95794677734375,12
Scenario 1,Turb12_Row1_Floris,2,Do-Nothing,149.30579376220703,936.0774073920564,,8.0,270.0,8.0,8.0,270.0,270.0,12
Scenario 1,Turb12_Row1_Floris,2,Random,150.51295351982117,944.0633185476539,,8.0,270.0,8.0,8.0,270.0,270.0,12
Scenario 1,Turb12_Row1_Floris,2,GP,166.40271425247192,1043.0855396444224,162.2368640725684,8.0,270.0,8.0,8.0,270.0,270.0,12
Scenario 1,Turb12_Row1_Floris,2,TabPFN-Fallback,170.68191170692444,1069.9483210973879,160.82970498005548,8.0,270.0,8.0,8.0,270.0,270.0,12
Scenario 1,Turb12_Row1_Floris,2,GraphPFN,157.00280332565308,984.3444974741477,154.32623291015625,8.0,270.0,8.0,8.0,270.0,270.0,12
Scenario 2,Turb12_Row1_Floris,2,Do-Nothing,149.30579376220703,936.0774073920564,,8.0,270.0,6.137986660003662,9.33950424194336,227.5634765625,306.0284118652344,12
Scenario 2,Turb12_Row1_Floris,2,Random,150.51295351982117,944.0633185476539,,8.0,270.0,6.137986660003662,9.33950424194336,227.5634765625,306.0284118652344,12
Scenario 2,Turb12_Row1_Floris,2,GP,150.51295351982117,944.0633185476539,456.5491606859759,8.0,270.0,6.137986660003662,9.33950424194336,227.5634765625,306.0284118652344,12
Scenario 2,Turb12_Row1_Floris,2,TabPFN-Fallback,150.81372964382172,945.6772372201498,243.71377324064582,8.0,270.0,6.137986660003662,9.33950424194336,227.5634765625,306.0284118652344,12
Scenario 2,Turb12_Row1_Floris,2,GraphPFN,157.00280332565308,984.3444974741477,406.2153015136719,8.0,270.0,6.137986660003662,9.33950424194336,227.5634765625,306.0284118652344,12
Scenario 1,Turb16_Row5_Floris,0,Do-Nothing,338.05656719207764,2785.972898226248,,8.0,270.0,8.0,8.0,270.0,270.0,16
Scenario 1,Turb16_Row5_Floris,0,Random,339.4802668094635,2798.0376929410327,,8.0,270.0,8.0,8.0,270.0,270.0,16
Scenario 1,Turb16_Row5_Floris,0,GP,341.2902150154114,2813.079810529991,341.2902210415807,8.0,270.0,8.0,8.0,270.0,270.0,16
Scenario 1,Turb16_Row5_Floris,0,TabPFN-Fallback,340.0314905643463,2802.682156607203,340.5588447252909,8.0,270.0,8.0,8.0,270.0,270.0,16
Scenario 1,Turb16_Row5_Floris,0,GraphPFN,340.40070700645447,2805.8120356840477,339.75408935546875,8.0,270.0,8.0,8.0,270.0,270.0,16
Scenario 2,Turb16_Row5_Floris,0,Do-Nothing,338.05656719207764,2785.972898226248,,8.0,270.0,4.60479736328125,9.238421440124512,240.52224731445312,306.53387451171875,16
Scenario 2,Turb16_Row5_Floris,0,Random,339.4802668094635,2798.0376929410327,,8.0,270.0,4.60479736328125,9.238421440124512,240.52224731445312,306.53387451171875,16
Scenario 2,Turb16_Row5_Floris,0,GP,338.9655394554138,2793.91566007099,478.7704724133113,8.0,270.0,4.60479736328125,9.238421440124512,240.52224731445312,306.53387451171875,16
Scenario 2,Turb16_Row5_Floris,0,TabPFN-Fallback,340.27058935165405,2804.7143079784396,462.3082169493037,8.0,270.0,4.60479736328125,9.238421440124512,240.52224731445312,306.53387451171875,16
Scenario 2,Turb16_Row5_Floris,0,GraphPFN,340.40070700645447,2805.8120356840477,455.8006286621094,8.0,270.0,4.60479736328125,9.238421440124512,240.52224731445312,306.53387451171875,16
Scenario 1,Turb16_Row5_Floris,1,Do-Nothing,338.05656719207764,2785.972898226248,,8.0,270.0,8.0,8.0,270.0,270.0,16
Scenario 1,Turb16_Row5_Floris,1,Random,339.5010075569153,2798.2756643739745,,8.0,270.0,8.0,8.0,270.0,270.0,16
Scenario 1,Turb16_Row5_Floris,1,GP,341.5435013771057,2815.0892839672733,341.54348744887,8.0,270.0,8.0,8.0,270.0,270.0,16
Scenario 1,Turb16_Row5_Floris,1,TabPFN-Fallback,341.2480661869049,2812.7074644221034,340.6073825756709,8.0,270.0,8.0,8.0,270.0,270.0,16
Scenario 1,Turb16_Row5_Floris,1,GraphPFN,339.5196192264557,2798.4426018387458,339.52154541015625,8.0,270.0,8.0,8.0,270.0,270.0,16
Scenario 2,Turb16_Row5_Floris,1,Do-Nothing,338.05656719207764,2785.972898226248,,8.0,270.0,5.65562629699707,8.904255867004395,215.7742919921875,320.95794677734375,16
Scenario 2,Turb16_Row5_Floris,1,Random,339.5010075569153,2798.2756643739745,,8.0,270.0,5.65562629699707,8.904255867004395,215.7742919921875,320.95794677734375,16
Scenario 2,Turb16_Row5_Floris,1,GP,340.85398507118225,2809.4454352030075,487.6543033684864,8.0,270.0,5.65562629699707,8.904255867004395,215.7742919921875,320.95794677734375,16
Scenario 2,Turb16_Row5_Floris,1,TabPFN-Fallback,340.12136816978455,2803.3802446198174,472.5342346628507,8.0,270.0,5.65562629699707,8.904255867004395,215.7742919921875,320.95794677734375,16
Scenario 2,Turb16_Row5_Floris,1,GraphPFN,339.31228160858154,2796.8701779590174,455.83880615234375,8.0,270.0,5.65562629699707,8.904255867004395,215.7742919921875,320.95794677734375,16
Scenario 1,Turb16_Row5_Floris,2,Do-Nothing,338.05656719207764,2785.972898226248,,8.0,270.0,8.0,8.0,270.0,270.0,16
Scenario 1,Turb16_Row5_Floris,2,Random,340.25142073631287,2804.597602124139,,8.0,270.0,8.0,8.0,270.0,270.0,16
Scenario 1,Turb16_Row5_Floris,2,GP,341.1231052875519,2811.5787700733454,340.43209407595543,8.0,270.0,8.0,8.0,270.0,270.0,16
Scenario 1,Turb16_Row5_Floris,2,TabPFN-Fallback,340.5938792228699,2807.2047795904837,340.52756457527477,8.0,270.0,8.0,8.0,270.0,270.0,16
Scenario 1,Turb16_Row5_Floris,2,GraphPFN,340.1764991283417,2803.8406943670243,339.7654724121094,8.0,270.0,8.0,8.0,270.0,270.0,16
Scenario 2,Turb16_Row5_Floris,2,Do-Nothing,338.05656719207764,2785.972898226248,,8.0,270.0,4.883732318878174,9.24935245513916,235.232666015625,319.146728515625,16
Scenario 2,Turb16_Row5_Floris,2,Random,340.25142073631287,2804.597602124139,,8.0,270.0,4.883732318878174,9.24935245513916,235.232666015625,319.146728515625,16
Scenario 2,Turb16_Row5_Floris,2,GP,340.25142073631287,2804.597602124139,477.8804817433341,8.0,270.0,4.883732318878174,9.24935245513916,235.232666015625,319.146728515625,16
Scenario 2,Turb16_Row5_Floris,2,TabPFN-Fallback,338.6863305568695,2791.461754798819,458.93389246861136,8.0,270.0,4.883732318878174,9.24935245513916,235.232666015625,319.146728515625,16
Scenario 2,Turb16_Row5_Floris,2,GraphPFN,339.2804961204529,2796.3923554519265,459.3099670410156,8.0,270.0,4.883732318878174,9.24935245513916,235.232666015625,319.146728515625,16
Scenario 1,Turb2_Row1_Floris,0,Do-Nothing,296.28914642333984,306.0550218783376,,8.0,270.0,8.0,8.0,270.0,270.0,2
Scenario 1,Turb2_Row1_Floris,0,Random,296.58068573474884,306.4335754519911,,8.0,270.0,8.0,8.0,270.0,270.0,2
Scenario 1,Turb2_Row1_Floris,0,GP,296.7891710996628,306.6648791739318,296.6969741740468,8.0,270.0,8.0,8.0,270.0,270.0,2
Scenario 1,Turb2_Row1_Floris,0,TabPFN-Fallback,296.98355078697205,306.84898950085,296.63783956880167,8.0,270.0,8.0,8.0,270.0,270.0,2
Scenario 1,Turb2_Row1_Floris,0,GraphPFN,296.55266535282135,306.4335754519911,296.3970031738281,8.0,270.0,8.0,8.0,270.0,270.0,2
Scenario 2,Turb2_Row1_Floris,0,Do-Nothing,296.28914642333984,306.0550218783376,,8.0,270.0,4.60479736328125,9.282832145690918,225.9298095703125,310.0478515625,2
Scenario 2,Turb2_Row1_Floris,0,Random,296.58068573474884,306.4335754519911,,8.0,270.0,4.60479736328125,9.282832145690918,225.9298095703125,310.0478515625,2
Scenario 2,Turb2_Row1_Floris,0,GP,296.55266535282135,306.4335754519911,446.12855483961215,8.0,270.0,4.60479736328125,9.282832145690918,225.9298095703125,310.0478515625,2
Scenario 2,Turb2_Row1_Floris,0,TabPFN-Fallback,296.55266535282135,306.4335754519911,349.6688735182796,8.0,270.0,4.60479736328125,9.282832145690918,225.9298095703125,310.0478515625,2
Scenario 2,Turb2_Row1_Floris,0,GraphPFN,296.55266535282135,306.4335754519911,431.2621765136719,8.0,270.0,4.60479736328125,9.282832145690918,225.9298095703125,310.0478515625,2
Scenario 1,Turb2_Row1_Floris,1,Do-Nothing,296.28914642333984,306.0550218783376,,8.0,270.0,8.0,8.0,270.0,270.0,2
Scenario 1,Turb2_Row1_Floris,1,Random,295.92993211746216,305.7044594452997,,8.0,270.0,8.0,8.0,270.0,270.0,2
Scenario 1,Turb2_Row1_Floris,1,GP,296.9079740047455,306.7795911934402,296.98890033944923,8.0,270.0,8.0,8.0,270.0,270.0,2
Scenario 1,Turb2_Row1_Floris,1,TabPFN-Fallback,296.9775311946869,306.84440709626296,296.78383344569517,8.0,270.0,8.0,8.0,270.0,270.0,2
Scenario 1,Turb2_Row1_Floris,1,GraphPFN,296.2049025297165,306.0971219639751,296.3705139160156,8.0,270.0,8.0,8.0,270.0,270.0,2
Scenario 2,Turb2_Row1_Floris,1,Do-Nothing,296.28914642333984,306.0550218783376,,8.0,270.0,5.771753311157227,8.911274909973145,220.6754150390625,312.3567810058594,2
Scenario 2,Turb2_Row1_Floris,1,Random,295.92993211746216,305.7044594452997,,8.0,270.0,5.771753311157227,8.911274909973145,220.6754150390625,312.3567810058594,2
Scenario 2,Turb2_Row1_Floris,1,GP,296.2049025297165,306.0971219639751,441.07918864131113,8.0,270.0,5.771753311157227,8.911274909973145,220.6754150390625,312.3567810058594,2
Scenario 2,Turb2_Row1_Floris,1,TabPFN-Fallback,296.2049025297165,306.0971219639751,345.43566558957104,8.0,270.0,5.771753311157227,8.911274909973145,220.6754150390625,312.3567810058594,2
Scenario 2,Turb2_Row1_Floris,1,GraphPFN,295.9096928834915,305.69372422308277,423.88427734375,8.0,270.0,5.771753311157227,8.911274909973145,220.6754150390625,312.3567810058594,2
Scenario 1,Turb2_Row1_Floris,2,Do-Nothing,296.28914642333984,306.0550218783376,,8.0,270.0,8.0,8.0,270.0,270.0,2
Scenario 1,Turb2_Row1_Floris,2,Random,296.2049025297165,306.0971219639751,,8.0,270.0,8.0,8.0,270.0,270.0,2
Scenario 1,Turb2_Row1_Floris,2,GP,296.9791795015335,306.8457940132832,296.9199278717632,8.0,270.0,8.0,8.0,270.0,270.0,2
Scenario 1,Turb2_Row1_Floris,2,TabPFN-Fallback,296.76891589164734,306.62448350784706,296.7090376161198,8.0,270.0,8.0,8.0,270.0,270.0,2
Scenario 1,Turb2_Row1_Floris,2,GraphPFN,296.55266535282135,306.4335754519911,296.39434814453125,8.0,270.0,8.0,8.0,270.0,270.0,2
Scenario 2,Turb2_Row1_Floris,2,Do-Nothing,296.28914642333984,306.0550218783376,,8.0,270.0,4.725892066955566,9.363155364990234,221.170654296875,319.146728515625,2
Scenario 2,Turb2_Row1_Floris,2,Random,296.2049025297165,306.0971219639751,,8.0,270.0,4.725892066955566,9.363155364990234,221.170654296875,319.146728515625,2
Scenario 2,Turb2_Row1_Floris,2,GP,296.03134739398956,305.8089471346763,436.2895549135068,8.0,270.0,4.725892066955566,9.363155364990234,221.170654296875,319.146728515625,2
Scenario 2,Turb2_Row1_Floris,2,TabPFN-Fallback,296.58068573474884,306.4335754519911,322.0413574794927,8.0,270.0,4.725892066955566,9.363155364990234,221.170654296875,319.146728515625,2
Scenario 2,Turb2_Row1_Floris,2,GraphPFN,296.58068573474884,306.4335754519911,440.0857238769531,8.0,270.0,4.725892066955566,9.363155364990234,221.170654296875,319.146728515625,2
Scenario 1,Turb32_Row5_Floris,0,Do-Nothing,313.8680603504181,5177.97715919699,,8.0,270.0,8.0,8.0,270.0,270.0,32
Scenario 1,Turb32_Row5_Floris,0,Random,315.9916298389435,5213.496253692469,,8.0,270.0,8.0,8.0,270.0,270.0,32
Scenario 1,Turb32_Row5_Floris,0,GP,318.2515323162079,5250.766536527008,318.2382048174443,8.0,270.0,8.0,8.0,270.0,270.0,32
Scenario 1,Turb32_Row5_Floris,0,TabPFN-Fallback,317.7781660556793,5242.92092985921,317.1089111566545,8.0,270.0,8.0,8.0,270.0,270.0,32
Scenario 1,Turb32_Row5_Floris,0,GraphPFN,316.1936948299408,5217.06966717683,316.20904541015625,8.0,270.0,8.0,8.0,270.0,270.0,32
Scenario 2,Turb32_Row5_Floris,0,Do-Nothing,313.8680603504181,5177.97715919699,,8.0,270.0,6.015547752380371,9.766475677490234,233.87734985351562,308.5113220214844,32
Scenario 2,Turb32_Row5_Floris,0,Random,315.9916298389435,5213.496253692469,,8.0,270.0,6.015547752380371,9.766475677490234,233.87734985351562,308.5113220214844,32
Scenario 2,Turb32_Row5_Floris,0,GP,315.9916298389435,5213.496253692469,459.82305908203125,8.0,270.0,6.015547752380371,9.766475677490234,233.87734985351562,308.5113220214844,32
Scenario 2,Turb32_Row5_Floris,0,TabPFN-Fallback,316.7529811859131,5226.184674673531,460.44321711858095,8.0,270.0,6.015547752380371,9.766475677490234,233.87734985351562,308.5113220214844,32
Scenario 2,Turb32_Row5_Floris,0,GraphPFN,316.1936948299408,5217.06966717683,460.33331298828125,8.0,270.0,6.015547752380371,9.766475677490234,233.87734985351562,308.5113220214844,32
Scenario 1,Turb32_Row5_Floris,1,Do-Nothing,313.8680603504181,5177.97715919699,,8.0,270.0,8.0,8.0,270.0,270.0,32
Scenario 1,Turb32_Row5_Floris,1,Random,315.70940113067627,5208.970526332507,,8.0,270.0,8.0,8.0,270.0,270.0,32
Scenario 1,Turb32_Row5_Floris,1,GP,317.6821348667145,5241.63297954494,317.24547844559095,8.0,270.0,8.0,8.0,270.0,270.0,32
Scenario 1,Turb32_Row5_Floris,1,TabPFN-Fallback,315.43408465385437,5204.3333499530445,316.92971477905905,8.0,270.0,8.0,8.0,270.0,270.0,32
Scenario 1,Turb32_Row5_Floris,1,GraphPFN,314.97122049331665,5196.743600120566,315.83770751953125,8.0,270.0,8.0,8.0,270.0,270.0,32
Scenario 2,Turb32_Row5_Floris,1,Do-Nothing,313.8680603504181,5177.97715919699,,8.0,270.0,4.404353618621826,9.63210391998291,229.61468505859375,309.8233337402344,32
Scenario 2,Turb32_Row5_Floris,1,Random,315.70940113067627,5208.970526332507,,8.0,270.0,4.404353618621826,9.63210391998291,229.61468505859375,309.8233337402344,32
Scenario 2,Turb32_Row5_Floris,1,GP,315.70940113067627,5208.970526332507,443.15936279296875,8.0,270.0,4.404353618621826,9.63210391998291,229.61468505859375,309.8233337402344,32
Scenario 2,Turb32_Row5_Floris,1,TabPFN-Fallback,316.5390088558197,5222.60367902452,437.1937191486358,8.0,270.0,4.404353618621826,9.63210391998291,229.61468505859375,309.8233337402344,32
Scenario 2,Turb32_Row5_Floris,1,GraphPFN,316.9387197494507,5229.254428652296,443.84185791015625,8.0,270.0,4.404353618621826,9.63210391998291,229.61468505859375,309.8233337402344,32
Scenario 1,Turb32_Row5_Floris,2,Do-Nothing,313.8680603504181,5177.97715919699,,8.0,270.0,8.0,8.0,270.0,270.0,32
Scenario 1,Turb32_Row5_Floris,2,Random,315.6048815250397,5207.301087728005,,8.0,270.0,8.0,8.0,270.0,270.0,32
Scenario 1,Turb32_Row5_Floris,2,GP,318.96863293647766,5262.695178702966,318.9491814033197,8.0,270.0,8.0,8.0,270.0,270.0,32
Scenario 1,Turb32_Row5_Floris,2,TabPFN-Fallback,316.9908800125122,5230.242055694974,317.15618870655703,8.0,270.0,8.0,8.0,270.0,270.0,32
Scenario 1,Turb32_Row5_Floris,2,GraphPFN,315.37034344673157,5203.371095237661,315.9827575683594,8.0,270.0,8.0,8.0,270.0,270.0,32
Scenario 2,Turb32_Row5_Floris,2,Do-Nothing,313.8680603504181,5177.97715919699,,8.0,270.0,5.236491680145264,9.176079750061035,230.1637420654297,322.4348449707031,32
Scenario 2,Turb32_Row5_Floris,2,Random,315.6048815250397,5207.301087728005,,8.0,270.0,5.236491680145264,9.176079750061035,230.1637420654297,322.4348449707031,32
Scenario 2,Turb32_Row5_Floris,2,GP,315.6048815250397,5207.301087728005,449.9284362792969,8.0,270.0,5.236491680145264,9.176079750061035,230.1637420654297,322.4348449707031,32
Scenario 2,Turb32_Row5_Floris,2,TabPFN-Fallback,315.1485447883606,5199.776671683286,467.2927331527074,8.0,270.0,5.236491680145264,9.176079750061035,230.1637420654297,322.4348449707031,32
Scenario 2,Turb32_Row5_Floris,2,GraphPFN,316.2423985004425,5217.883919789551,450.4927978515625,8.0,270.0,5.236491680145264,9.176079750061035,230.1637420654297,322.4348449707031,32
Scenario 1,Turb3_Row1_Floris,0,Do-Nothing,227.83139741420746,354.13161058755776,,8.0,270.0,8.0,8.0,270.0,270.0,3
Scenario 1,Turb3_Row1_Floris,0,Random,228.7167774438858,355.5758698509634,,8.0,270.0,8.0,8.0,270.0,270.0,3
Scenario 1,Turb3_Row1_Floris,0,GP,232.82898223400116,362.1020832064184,234.77505748694387,8.0,270.0,8.0,8.0,270.0,270.0,3
Scenario 1,Turb3_Row1_Floris,0,TabPFN-Fallback,232.65803515911102,361.81005404133293,232.2677509052889,8.0,270.0,8.0,8.0,270.0,270.0,3
Scenario 1,Turb3_Row1_Floris,0,GraphPFN,232.65803515911102,361.81005404133293,229.54910278320312,8.0,270.0,8.0,8.0,270.0,270.0,3
Scenario 2,Turb3_Row1_Floris,0,Do-Nothing,227.83139741420746,354.13161058755776,,8.0,270.0,3.7374649047851562,9.454262733459473,222.6939239501953,310.0478515625,3
Scenario 2,Turb3_Row1_Floris,0,Random,228.7167774438858,355.5758698509634,,8.0,270.0,3.7374649047851562,9.454262733459473,222.6939239501953,310.0478515625,3
Scenario 2,Turb3_Row1_Floris,0,GP,230.22693407535553,358.10212371417504,467.57889154796726,8.0,270.0,3.7374649047851562,9.454262733459473,222.6939239501953,310.0478515625,3
Scenario 2,Turb3_Row1_Floris,0,TabPFN-Fallback,230.22693407535553,358.10212371417504,317.3900887290637,8.0,270.0,3.7374649047851562,9.454262733459473,222.6939239501953,310.0478515625,3
Scenario 2,Turb3_Row1_Floris,0,GraphPFN,232.62806975841522,361.81005404133293,429.0444641113281,8.0,270.0,3.7374649047851562,9.454262733459473,222.6939239501953,310.0478515625,3
Scenario 1,Turb3_Row1_Floris,1,Do-Nothing,227.83139741420746,354.13161058755776,,8.0,270.0,8.0,8.0,270.0,270.0,3
Scenario 1,Turb3_Row1_Floris,1,Random,229.75384771823883,357.14994280290756,,8.0,270.0,8.0,8.0,270.0,270.0,3
Scenario 1,Turb3_Row1_Floris,1,GP,232.62806975841522,361.81005404133293,233.0994833034518,8.0,270.0,8.0,8.0,270.0,270.0,3
Scenario 1,Turb3_Row1_Floris,1,TabPFN-Fallback,232.86324632167816,362.1298049191919,232.4180424617977,8.0,270.0,8.0,8.0,270.0,270.0,3
Scenario 1,Turb3_Row1_Floris,1,GraphPFN,230.43121528625488,358.4427565391891,229.6416778564453,8.0,270.0,8.0,8.0,270.0,270.0,3
Scenario 2,Turb3_Row1_Floris,1,Do-Nothing,227.83139741420746,354.13161058755776,,8.0,270.0,5.618945121765137,9.937406539916992,215.77674865722656,300.478759765625,3
Scenario 2,Turb3_Row1_Floris,1,Random,229.75384771823883,357.14994280290756,,8.0,270.0,5.618945121765137,9.937406539916992,215.77674865722656,300.478759765625,3
Scenario 2,Turb3_Row1_Floris,1,GP,228.69294464588165,355.5324708006991,427.1356049880835,8.0,270.0,5.618945121765137,9.937406539916992,215.77674865722656,300.478759765625,3
Scenario 2,Turb3_Row1_Floris,1,TabPFN-Fallback,228.7167774438858,355.5758698509634,278.663775231441,8.0,270.0,5.618945121765137,9.937406539916992,215.77674865722656,300.478759765625,3
Scenario 2,Turb3_Row1_Floris,1,GraphPFN,232.7641509771347,361.973938001331,413.8534240722656,8.0,270.0,5.618945121765137,9.937406539916992,215.77674865722656,300.478759765625,3
Scenario 1,Turb3_Row1_Floris,2,Do-Nothing,227.83139741420746,354.13161058755776,,8.0,270.0,8.0,8.0,270.0,270.0,3
Scenario 1,Turb3_Row1_Floris,2,Random,230.22693407535553,358.10212371417504,,8.0,270.0,8.0,8.0,270.0,270.0,3
Scenario 1,Turb3_Row1_Floris,2,GP,232.62806975841522,361.81005404133293,233.60298366178898,8.0,270.0,8.0,8.0,270.0,270.0,3
Scenario 1,Turb3_Row1_Floris,2,TabPFN-Fallback,232.62806975841522,361.81005404133293,231.7640473882594,8.0,270.0,8.0,8.0,270.0,270.0,3
Scenario 1,Turb3_Row1_Floris,2,GraphPFN,232.62806975841522,361.81005404133293,229.88330078125,8.0,270.0,8.0,8.0,270.0,270.0,3
Scenario 2,Turb3_Row1_Floris,2,Do-Nothing,227.83139741420746,354.13161058755776,,8.0,270.0,5.616566181182861,9.363155364990234,239.9033660888672,305.994140625,3
Scenario 2,Turb3_Row1_Floris,2,Random,230.22693407535553,358.10212371417504,,8.0,270.0,5.616566181182861,9.363155364990234,239.9033660888672,305.994140625,3
Scenario 2,Turb3_Row1_Floris,2,GP,229.21664440631866,356.52772799310077,422.6898617466053,8.0,270.0,5.616566181182861,9.363155364990234,239.9033660888672,305.994140625,3
Scenario 2,Turb3_Row1_Floris,2,TabPFN-Fallback,230.19429075717926,358.10212371417504,263.3872566133736,8.0,270.0,5.616566181182861,9.363155364990234,239.9033660888672,305.994140625,3
Scenario 2,Turb3_Row1_Floris,2,GraphPFN,232.62806975841522,361.81005404133293,392.4599609375,8.0,270.0,5.616566181182861,9.363155364990234,239.9033660888672,305.994140625,3
Scenario 1,Turb4_Row1_Floris,0,Do-Nothing,198.49665296077728,412.1294777345716,,8.0,270.0,8.0,8.0,270.0,270.0,4
Scenario 1,Turb4_Row1_Floris,0,Random,199.6074299812317,414.540471862875,,8.0,270.0,8.0,8.0,270.0,270.0,4
Scenario 1,Turb4_Row1_Floris,0,GP,207.3880181312561,430.8258245267306,207.38543731709998,8.0,270.0,8.0,8.0,270.0,270.0,4
Scenario 1,Turb4_Row1_Floris,0,TabPFN-Fallback,207.36176824569702,430.8258245267306,205.84752246359034,8.0,270.0,8.0,8.0,270.0,270.0,4
Scenario 1,Turb4_Row1_Floris,0,GraphPFN,203.60883605480194,422.88816282875774,201.27798461914062,8.0,270.0,8.0,8.0,270.0,270.0,4
Scenario 2,Turb4_Row1_Floris,0,Do-Nothing,198.49665296077728,412.1294777345716,,8.0,270.0,4.60479736328125,9.282832145690918,231.96730041503906,309.2051696777344,4
Scenario 2,Turb4_Row1_Floris,0,Random,199.6074299812317,414.540471862875,,8.0,270.0,4.60479736328125,9.282832145690918,231.96730041503906,309.2051696777344,4
Scenario 2,Turb4_Row1_Floris,0,GP,199.6074299812317,414.540471862875,406.9136047363281,8.0,270.0,4.60479736328125,9.282832145690918,231.96730041503906,309.2051696777344,4
Scenario 2,Turb4_Row1_Floris,0,TabPFN-Fallback,203.35667967796326,422.37562577222917,260.96249239146755,8.0,270.0,4.60479736328125,9.282832145690918,231.96730041503906,309.2051696777344,4
Scenario 2,Turb4_Row1_Floris,0,GraphPFN,203.60883605480194,422.88816282875774,408.0755310058594,8.0,270.0,4.60479736328125,9.282832145690918,231.96730041503906,309.2051696777344,4
Scenario 1,Turb4_Row1_Floris,1,Do-Nothing,198.49665296077728,412.1294777345716,,8.0,270.0,8.0,8.0,270.0,270.0,4
Scenario 1,Turb4_Row1_Floris,1,Random,200.32361507415771,415.9437002665773,,8.0,270.0,8.0,8.0,270.0,270.0,4
Scenario 1,Turb4_Row1_Floris,1,GP,207.3897293806076,430.8293150691436,210.183368330807,8.0,270.0,8.0,8.0,270.0,270.0,4
Scenario 1,Turb4_Row1_Floris,1,TabPFN-Fallback,207.3880181312561,430.8258245267306,206.87485755022084,8.0,270.0,8.0,8.0,270.0,270.0,4
Scenario 1,Turb4_Row1_Floris,1,GraphPFN,201.60351312160492,418.9272070010951,201.78268432617188,8.0,270.0,8.0,8.0,270.0,270.0,4
Scenario 2,Turb4_Row1_Floris,1,Do-Nothing,198.49665296077728,412.1294777345716,,8.0,270.0,5.880454063415527,9.443155288696289,224.98291015625,327.43133544921875,4
Scenario 2,Turb4_Row1_Floris,1,Random,200.32361507415771,415.9437002665773,,8.0,270.0,5.880454063415527,9.443155288696289,224.98291015625,327.43133544921875,4
Scenario 2,Turb4_Row1_Floris,1,GP,200.13474869728088,415.6000275289979,410.34649168339854,8.0,270.0,5.880454063415527,9.443155288696289,224.98291015625,327.43133544921875,4
Scenario 2,Turb4_Row1_Floris,1,TabPFN-Fallback,202.81748139858246,421.55289041409276,297.31671641767,8.0,270.0,5.880454063415527,9.443155288696289,224.98291015625,327.43133544921875,4
Scenario 2,Turb4_Row1_Floris,1,GraphPFN,203.35667967796326,422.37562577222917,402.54937744140625,8.0,270.0,5.880454063415527,9.443155288696289,224.98291015625,327.43133544921875,4
Scenario 1,Turb4_Row1_Floris,2,Do-Nothing,198.49665296077728,412.1294777345716,,8.0,270.0,8.0,8.0,270.0,270.0,4
Scenario 1,Turb4_Row1_Floris,2,Random,200.6476081609726,416.8440543462178,,8.0,270.0,8.0,8.0,270.0,270.0,4
Scenario 1,Turb4_Row1_Floris,2,GP,207.42668545246124,430.90576002767006,208.5588397198197,8.0,270.0,8.0,8.0,270.0,270.0,4
Scenario 1,Turb4_Row1_Floris,2,TabPFN-Fallback,207.3880181312561,430.8258245267306,205.66476033313415,8.0,270.0,8.0,8.0,270.0,270.0,4
Scenario 1,Turb4_Row1_Floris,2,GraphPFN,207.3880181312561,430.8258245267306,201.8875274658203,8.0,270.0,8.0,8.0,270.0,270.0,4
Scenario 2,Turb4_Row1_Floris,2,Do-Nothing,198.49665296077728,412.1294777345716,,8.0,270.0,4.883732318878174,9.661709785461426,229.3544158935547,319.146728515625,4
Scenario 2,Turb4_Row1_Floris,2,Random,200.6476081609726,416.8440543462178,,8.0,270.0,4.883732318878174,9.661709785461426,229.3544158935547,319.146728515625,4
Scenario 2,Turb4_Row1_Floris,2,GP,199.6074299812317,414.540471862875,480.06563990624977,8.0,270.0,4.883732318878174,9.661709785461426,229.3544158935547,319.146728515625,4
Scenario 2,Turb4_Row1_Floris,2,TabPFN-Fallback,199.6074299812317,414.540471862875,286.0026725778977,8.0,270.0,4.883732318878174,9.661709785461426,229.3544158935547,319.146728515625,4
Scenario 2,Turb4_Row1_Floris,2,GraphPFN,207.3880181312561,430.8258245267306,408.9273986816406,8.0,270.0,4.883732318878174,9.661709785461426,229.3544158935547,319.146728515625,4
Scenario 1,Turb5_Row1_Floris,0,Do-Nothing,183.24129915237427,476.16290761587425,,8.0,270.0,8.0,8.0,270.0,270.0,5
Scenario 1,Turb5_Row1_Floris,0,Random,185.00682532787323,480.89449952637983,,8.0,270.0,8.0,8.0,270.0,270.0,5
Scenario 1,Turb5_Row1_Floris,0,GP,192.57693672180176,500.7097439231992,191.27505508044564,8.0,270.0,8.0,8.0,270.0,270.0,5
Scenario 1,Turb5_Row1_Floris,0,TabPFN-Fallback,193.75219523906708,503.7517489894373,191.36839054524907,8.0,270.0,8.0,8.0,270.0,270.0,5
Scenario 1,Turb5_Row1_Floris,0,GraphPFN,187.15915203094482,486.5306922358503,186.68540954589844,8.0,270.0,8.0,8.0,270.0,270.0,5
Scenario 2,Turb5_Row1_Floris,0,Do-Nothing,183.24129915237427,476.16290761587425,,8.0,270.0,5.953377723693848,9.392614364624023,241.96958923339844,331.32073974609375,5
Scenario 2,Turb5_Row1_Floris,0,Random,185.00682532787323,480.89449952637983,,8.0,270.0,5.953377723693848,9.392614364624023,241.96958923339844,331.32073974609375,5
Scenario 2,Turb5_Row1_Floris,0,GP,187.80297434329987,488.20191299635127,410.9553966331236,8.0,270.0,5.953377723693848,9.392614364624023,241.96958923339844,331.32073974609375,5
Scenario 2,Turb5_Row1_Floris,0,TabPFN-Fallback,184.49742877483368,479.50049493080894,312.8635115375122,8.0,270.0,5.953377723693848,9.392614364624023,241.96958923339844,331.32073974609375,5
Scenario 2,Turb5_Row1_Floris,0,GraphPFN,188.31340551376343,489.5666630647901,374.9174499511719,8.0,270.0,5.953377723693848,9.392614364624023,241.96958923339844,331.32073974609375,5
Scenario 1,Turb5_Row1_Floris,1,Do-Nothing,183.24129915237427,476.16290761587425,,8.0,270.0,8.0,8.0,270.0,270.0,5
Scenario 1,Turb5_Row1_Floris,1,Random,185.35526204109192,481.6927415124565,,8.0,270.0,8.0,8.0,270.0,270.0,5
Scenario 1,Turb5_Row1_Floris,1,GP,195.4492540359497,508.1890733014374,195.44918293088145,8.0,270.0,8.0,8.0,270.0,270.0,5
Scenario 1,Turb5_Row1_Floris,1,TabPFN-Fallback,191.71809220314026,498.40910483939354,190.8141404032706,8.0,270.0,8.0,8.0,270.0,270.0,5
Scenario 1,Turb5_Row1_Floris,1,GraphPFN,185.69441854953766,482.8965170258179,186.47564697265625,8.0,270.0,8.0,8.0,270.0,270.0,5
Scenario 2,Turb5_Row1_Floris,1,Do-Nothing,183.24129915237427,476.16290761587425,,8.0,270.0,4.311367034912109,9.383280754089355,237.0242462158203,320.95794677734375,5
Scenario 2,Turb5_Row1_Floris,1,Random,185.35526204109192,481.6927415124565,,8.0,270.0,4.311367034912109,9.383280754089355,237.0242462158203,320.95794677734375,5
Scenario 2,Turb5_Row1_Floris,1,GP,186.13615930080414,483.78235361162916,442.1905013040696,8.0,270.0,4.311367034912109,9.383280754089355,237.0242462158203,320.95794677734375,5
Scenario 2,Turb5_Row1_Floris,1,TabPFN-Fallback,184.30420970916748,479.0011402031135,225.0640473663806,8.0,270.0,4.311367034912109,9.383280754089355,237.0242462158203,320.95794677734375,5
Scenario 2,Turb5_Row1_Floris,1,GraphPFN,195.42787444591522,508.12467104190046,368.5321960449219,8.0,270.0,4.311367034912109,9.383280754089355,237.0242462158203,320.95794677734375,5
Scenario 1,Turb5_Row1_Floris,2,Do-Nothing,183.24129915237427,476.16290761587425,,8.0,270.0,8.0,8.0,270.0,270.0,5
Scenario 1,Turb5_Row1_Floris,2,Random,184.900985121727,480.77316619973175,,8.0,270.0,8.0,8.0,270.0,270.0,5
Scenario 1,Turb5_Row1_Floris,2,GP,193.54844748973846,503.2659152136292,195.49431498999337,8.0,270.0,8.0,8.0,270.0,270.0,5
Scenario 1,Turb5_Row1_Floris,2,TabPFN-Fallback,195.24115884304047,507.6323082395594,191.51734375953671,8.0,270.0,8.0,8.0,270.0,270.0,5
Scenario 1,Turb5_Row1_Floris,2,GraphPFN,191.5031076669693,497.8759807074903,186.68934631347656,8.0,270.0,8.0,8.0,270.0,270.0,5
Scenario 2,Turb5_Row1_Floris,2,Do-Nothing,183.24129915237427,476.16290761587425,,8.0,270.0,4.281902313232422,9.722403526306152,232.42904663085938,316.0299072265625,5
Scenario 2,Turb5_Row1_Floris,2,Random,184.900985121727,480.77316619973175,,8.0,270.0,4.281902313232422,9.722403526306152,232.42904663085938,316.0299072265625,5
Scenario 2,Turb5_Row1_Floris,2,GP,187.9420725107193,488.47400301767766,516.0185774772115,8.0,270.0,4.281902313232422,9.722403526306152,232.42904663085938,316.0299072265625,5
Scenario 2,Turb5_Row1_Floris,2,TabPFN-Fallback,187.50070559978485,487.2818725950867,325.946899548173,8.0,270.0,4.281902313232422,9.722403526306152,232.42904663085938,316.0299072265625,5
Scenario 2,Turb5_Row1_Floris,2,GraphPFN,184.9463438987732,480.73559675627644,416.3157653808594,8.0,270.0,4.281902313232422,9.722403526306152,232.42904663085938,316.0299072265625,5
Scenario 1,Turb6_Row1_Floris,0,Do-Nothing,173.37406837940216,541.1965654711261,,8.0,270.0,8.0,8.0,270.0,270.0,6
Scenario 1,Turb6_Row1_Floris,0,Random,174.81529355049133,545.843573696734,,8.0,270.0,8.0,8.0,270.0,270.0,6
Scenario 1,Turb6_Row1_Floris,0,GP,188.5882362127304,589.0504632006613,188.7525738608808,8.0,270.0,8.0,8.0,270.0,270.0,6
Scenario 1,Turb6_Row1_Floris,0,TabPFN-Fallback,188.60862958431244,589.0504632006613,183.97139035662008,8.0,270.0,8.0,8.0,270.0,270.0,6
Scenario 1,Turb6_Row1_Floris,0,GraphPFN,177.91266703605652,555.554032165457,177.0298614501953,8.0,270.0,8.0,8.0,270.0,270.0,6
Scenario 2,Turb6_Row1_Floris,0,Do-Nothing,173.37406837940216,541.1965654711261,,8.0,270.0,5.380116939544678,9.496652603149414,244.34701538085938,309.2051696777344,6
Scenario 2,Turb6_Row1_Floris,0,Random,174.81529355049133,545.843573696734,,8.0,270.0,5.380116939544678,9.496652603149414,244.34701538085938,309.2051696777344,6
Scenario 2,Turb6_Row1_Floris,0,GP,174.81529355049133,545.843573696734,405.34063720703125,8.0,270.0,5.380116939544678,9.496652603149414,244.34701538085938,309.2051696777344,6
Scenario 2,Turb6_Row1_Floris,0,TabPFN-Fallback,176.49513638019562,551.4222488746389,266.03336599469196,8.0,270.0,5.380116939544678,9.496652603149414,244.34701538085938,309.2051696777344,6
Scenario 2,Turb6_Row1_Floris,0,GraphPFN,174.31866145133972,544.2938607094094,406.5800476074219,8.0,270.0,5.380116939544678,9.496652603149414,244.34701538085938,309.2051696777344,6
Scenario 1,Turb6_Row1_Floris,1,Do-Nothing,173.37406837940216,541.1965654711261,,8.0,270.0,8.0,8.0,270.0,270.0,6
Scenario 1,Turb6_Row1_Floris,1,Random,175.03939497470856,546.4391433854015,,8.0,270.0,8.0,8.0,270.0,270.0,6
Scenario 1,Turb6_Row1_Floris,1,GP,188.5882362127304,589.0504632006613,188.5882416335452,8.0,270.0,8.0,8.0,270.0,270.0,6
Scenario 1,Turb6_Row1_Floris,1,TabPFN-Fallback,188.5882362127304,589.0504632006613,182.7380841374397,8.0,270.0,8.0,8.0,270.0,270.0,6
Scenario 1,Turb6_Row1_Floris,1,GraphPFN,175.36424243450165,547.8365498183405,176.97605895996094,8.0,270.0,8.0,8.0,270.0,270.0,6
Scenario 2,Turb6_Row1_Floris,1,Do-Nothing,173.37406837940216,541.1965654711261,,8.0,270.0,5.7921037673950195,8.911274909973145,237.65065002441406,312.3567810058594,6
Scenario 2,Turb6_Row1_Floris,1,Random,175.03939497470856,546.4391433854015,,8.0,270.0,5.7921037673950195,8.911274909973145,237.65065002441406,312.3567810058594,6
Scenario 2,Turb6_Row1_Floris,1,GP,175.04959046840668,546.5221765219826,454.4114555585457,8.0,270.0,5.7921037673950195,8.911274909973145,237.65065002441406,312.3567810058594,6
Scenario 2,Turb6_Row1_Floris,1,TabPFN-Fallback,176.09741830825806,550.0920544491262,283.75609852373594,8.0,270.0,5.7921037673950195,8.911274909973145,237.65065002441406,312.3567810058594,6
Scenario 2,Turb6_Row1_Floris,1,GraphPFN,188.5882362127304,589.0504632006613,369.0914306640625,8.0,270.0,5.7921037673950195,8.911274909973145,237.65065002441406,312.3567810058594,6
Scenario 1,Turb6_Row1_Floris,2,Do-Nothing,173.37406837940216,541.1965654711261,,8.0,270.0,8.0,8.0,270.0,270.0,6
Scenario 1,Turb6_Row1_Floris,2,Random,174.68087363243103,545.5847496044405,,8.0,270.0,8.0,8.0,270.0,270.0,6
Scenario 1,Turb6_Row1_Floris,2,GP,185.28346991539001,578.6711991499932,185.2834617465405,8.0,270.0,8.0,8.0,270.0,270.0,6
Scenario 1,Turb6_Row1_Floris,2,TabPFN-Fallback,188.60862958431244,589.0504632006613,181.88679673969747,8.0,270.0,8.0,8.0,270.0,270.0,6
Scenario 1,Turb6_Row1_Floris,2,GraphPFN,188.81657707691193,589.7179793595756,177.1529083251953,8.0,270.0,8.0,8.0,270.0,270.0,6
Scenario 2,Turb6_Row1_Floris,2,Do-Nothing,173.37406837940216,541.1965654711261,,8.0,270.0,4.725892066955566,9.363155364990234,227.5634765625,309.17230224609375,6
Scenario 2,Turb6_Row1_Floris,2,Random,174.68087363243103,545.5847496044405,,8.0,270.0,4.725892066955566,9.363155364990234,227.5634765625,309.17230224609375,6
Scenario 2,Turb6_Row1_Floris,2,GP,175.51232492923737,548.2696633846302,460.59919726415717,8.0,270.0,4.725892066955566,9.363155364990234,227.5634765625,309.17230224609375,6
Scenario 2,Turb6_Row1_Floris,2,TabPFN-Fallback,177.68505787849426,554.8448461638701,243.17303977409992,8.0,270.0,4.725892066955566,9.363155364990234,227.5634765625,309.17230224609375,6
Scenario 2,Turb6_Row1_Floris,2,GraphPFN,188.81657707691193,589.7179793595756,401.2098388671875,8.0,270.0,4.725892066955566,9.363155364990234,227.5634765625,309.17230224609375,6
Scenario 1,Turb6_Row2_Floris,0,Do-Nothing,227.86265885829926,708.361614900537,,8.0,270.0,8.0,8.0,270.0,270.0,6
Scenario 1,Turb6_Row2_Floris,0,Random,228.63233256340027,710.8889419580325,,8.0,270.0,8.0,8.0,270.0,270.0,6
Scenario 1,Turb6_Row2_Floris,0,GP,233.05244314670563,724.8642498100085,233.49788944433053,8.0,270.0,8.0,8.0,270.0,270.0,6
Scenario 1,Turb6_Row2_Floris,0,TabPFN-Fallback,233.05244314670563,724.8642498100085,232.6352864106493,8.0,270.0,8.0,8.0,270.0,270.0,6
Scenario 1,Turb6_Row2_Floris,0,GraphPFN,231.32466733455658,719.3302196032981,229.7090606689453,8.0,270.0,8.0,8.0,270.0,270.0,6
Scenario 2,Turb6_Row2_Floris,0,Do-Nothing,227.86265885829926,708.361614900537,,8.0,270.0,5.380116939544678,9.496652603149414,244.34701538085938,309.2051696777344,6
Scenario 2,Turb6_Row2_Floris,0,Random,228.63233256340027,710.8889419580325,,8.0,270.0,5.380116939544678,9.496652603149414,244.34701538085938,309.2051696777344,6
Scenario 2,Turb6_Row2_Floris,0,GP,228.63233256340027,710.8889419580325,413.6891784667969,8.0,270.0,5.380116939544678,9.496652603149414,244.34701538085938,309.2051696777344,6
Scenario 2,Turb6_Row2_Floris,0,TabPFN-Fallback,229.287499666214,713.2295377435089,319.0459643900396,8.0,270.0,5.380116939544678,9.496652603149414,244.34701538085938,309.2051696777344,6
Scenario 2,Turb6_Row2_Floris,0,GraphPFN,231.34754753112793,719.6617643761443,414.628173828125,8.0,270.0,5.380116939544678,9.496652603149414,244.34701538085938,309.2051696777344,6
Scenario 1,Turb6_Row2_Floris,1,Do-Nothing,227.86265885829926,708.361614900537,,8.0,270.0,8.0,8.0,270.0,270.0,6
Scenario 1,Turb6_Row2_Floris,1,Random,229.36458921432495,713.1355959766832,,8.0,270.0,8.0,8.0,270.0,270.0,6
Scenario 1,Turb6_Row2_Floris,1,GP,233.02128720283508,724.8642498100085,233.0212851512431,8.0,270.0,8.0,8.0,270.0,270.0,6
Scenario 1,Turb6_Row2_Floris,1,TabPFN-Fallback,233.02128720283508,724.8642498100085,231.1115024884542,8.0,270.0,8.0,8.0,270.0,270.0,6
Scenario 1,Turb6_Row2_Floris,1,GraphPFN,229.52234590053558,713.8539280578365,229.79388427734375,8.0,270.0,8.0,8.0,270.0,270.0,6
Scenario 2,Turb6_Row2_Floris,1,Do-Nothing,227.86265885829926,708.361614900537,,8.0,270.0,5.7921037673950195,8.911274909973145,237.65065002441406,312.3567810058594,6
Scenario 2,Turb6_Row2_Floris,1,Random,229.36458921432495,713.1355959766832,,8.0,270.0,5.7921037673950195,8.911274909973145,237.65065002441406,312.3567810058594,6
Scenario 2,Turb6_Row2_Floris,1,GP,228.9679309129715,711.9589074050159,443.12642176803786,8.0,270.0,5.7921037673950195,8.911274909973145,237.65065002441406,312.3567810058594,6
Scenario 2,Turb6_Row2_Floris,1,TabPFN-Fallback,228.83445799350739,711.5258289076467,342.20324089626473,8.0,270.0,5.7921037673950195,8.911274909973145,237.65065002441406,312.3567810058594,6
Scenario 2,Turb6_Row2_Floris,1,GraphPFN,231.47736740112305,720.0746030757305,379.6227111816406,8.0,270.0,5.7921037673950195,8.911274909973145,237.65065002441406,312.3567810058594,6
Scenario 1,Turb6_Row2_Floris,2,Do-Nothing,227.86265885829926,708.361614900537,,8.0,270.0,8.0,8.0,270.0,270.0,6
Scenario 1,Turb6_Row2_Floris,2,Random,229.44772517681122,713.6103989357246,,8.0,270.0,8.0,8.0,270.0,270.0,6
Scenario 1,Turb6_Row2_Floris,2,GP,231.34754753112793,719.6617643761443,231.34754918601155,8.0,270.0,8.0,8.0,270.0,270.0,6
Scenario 1,Turb6_Row2_Floris,2,TabPFN-Fallback,233.03682959079742,724.8642498100085,230.85637150605507,8.0,270.0,8.0,8.0,270.0,270.0,6
Scenario 1,Turb6_Row2_Floris,2,GraphPFN,230.6481649875641,717.2976374830282,229.941650390625,8.0,270.0,8.0,8.0,270.0,270.0,6
Scenario 2,Turb6_Row2_Floris,2,Do-Nothing,227.86265885829926,708.361614900537,,8.0,270.0,4.725892066955566,9.363155364990234,227.5634765625,309.17230224609375,6
Scenario 2,Turb6_Row2_Floris,2,Random,229.44772517681122,713.6103989357246,,8.0,270.0,4.725892066955566,9.363155364990234,227.5634765625,309.17230224609375,6
Scenario 2,Turb6_Row2_Floris,2,GP,230.33910202980042,716.5810188311423,452.03610773376386,8.0,270.0,4.725892066955566,9.363155364990234,227.5634765625,309.17230224609375,6
Scenario 2,Turb6_Row2_Floris,2,TabPFN-Fallback,228.35650157928467,710.0203673978027,303.3697834312916,8.0,270.0,4.725892066955566,9.363155364990234,227.5634765625,309.17230224609375,6
Scenario 2,Turb6_Row2_Floris,2,GraphPFN,228.77737843990326,711.3540816539049,406.679931640625,8.0,270.0,4.725892066955566,9.363155364990234,227.5634765625,309.17230224609375,6
Scenario 1,Turb7_Row1_Floris,0,Do-Nothing,166.34695756435394,606.3648241490321,,8.0,270.0,8.0,8.0,270.0,270.0,7
Scenario 1,Turb7_Row1_Floris,0,Random,167.91830813884735,612.2662321798535,,8.0,270.0,8.0,8.0,270.0,270.0,7
Scenario 1,Turb7_Row1_Floris,0,GP,184.9583693742752,674.4613414185256,184.95837369133568,8.0,270.0,8.0,8.0,270.0,270.0,7
Scenario 1,Turb7_Row1_Floris,0,TabPFN-Fallback,176.6020792722702,644.014801125443,176.4593020379543,8.0,270.0,8.0,8.0,270.0,270.0,7
Scenario 1,Turb7_Row1_Floris,0,GraphPFN,170.44914042949677,621.4947068265052,170.28076171875,8.0,270.0,8.0,8.0,270.0,270.0,7
Scenario 2,Turb7_Row1_Floris,0,Do-Nothing,166.34695756435394,606.3648241490321,,8.0,270.0,4.60479736328125,9.536691665649414,240.258544921875,331.32073974609375,7
Scenario 2,Turb7_Row1_Floris,0,Random,167.91830813884735,612.2662321798535,,8.0,270.0,4.60479736328125,9.536691665649414,240.258544921875,331.32073974609375,7
Scenario 2,Turb7_Row1_Floris,0,GP,167.52386057376862,610.7483944000946,439.7068018816432,8.0,270.0,4.60479736328125,9.536691665649414,240.258544921875,331.32073974609375,7
Scenario 2,Turb7_Row1_Floris,0,TabPFN-Fallback,167.54870295524597,610.9669815988874,282.4224390039842,8.0,270.0,4.60479736328125,9.536691665649414,240.258544921875,331.32073974609375,7
Scenario 2,Turb7_Row1_Floris,0,GraphPFN,168.87482821941376,615.6188317727052,383.4227294921875,8.0,270.0,4.60479736328125,9.536691665649414,240.258544921875,331.32073974609375,7
Scenario 1,Turb7_Row1_Floris,1,Do-Nothing,166.34695756435394,606.3648241490321,,8.0,270.0,8.0,8.0,270.0,270.0,7
Scenario 1,Turb7_Row1_Floris,1,Random,167.65343046188354,611.199071639455,,8.0,270.0,8.0,8.0,270.0,270.0,7
Scenario 1,Turb7_Row1_Floris,1,GP,185.14051711559296,675.1424936461912,185.14051777799264,8.0,270.0,8.0,8.0,270.0,270.0,7
Scenario 1,Turb7_Row1_Floris,1,TabPFN-Fallback,184.9583693742752,674.4613414185256,177.98660321746553,8.0,270.0,8.0,8.0,270.0,270.0,7
Scenario 1,Turb7_Row1_Floris,1,GraphPFN,168.58016729354858,614.9909549880881,171.0135955810547,8.0,270.0,8.0,8.0,270.0,270.0,7
Scenario 2,Turb7_Row1_Floris,1,Do-Nothing,166.34695756435394,606.3648241490321,,8.0,270.0,4.311367034912109,8.973167419433594,215.7742919921875,332.0008544921875,7
Scenario 2,Turb7_Row1_Floris,1,Random,167.65343046188354,611.199071639455,,8.0,270.0,4.311367034912109,8.973167419433594,215.7742919921875,332.0008544921875,7
Scenario 2,Turb7_Row1_Floris,1,GP,167.65343046188354,611.199071639455,377.24444580078125,8.0,270.0,4.311367034912109,8.973167419433594,215.7742919921875,332.0008544921875,7
Scenario 2,Turb7_Row1_Floris,1,TabPFN-Fallback,166.82638680934906,608.2671564644575,248.06248444318777,8.0,270.0,4.311367034912109,8.973167419433594,215.7742919921875,332.0008544921875,7
Scenario 2,Turb7_Row1_Floris,1,GraphPFN,175.6617854833603,640.5706681368557,378.73419189453125,8.0,270.0,4.311367034912109,8.973167419433594,215.7742919921875,332.0008544921875,7
Scenario 1,Turb7_Row1_Floris,2,Do-Nothing,166.34695756435394,606.3648241490321,,8.0,270.0,8.0,8.0,270.0,270.0,7
Scenario 1,Turb7_Row1_Floris,2,Random,168.20194458961487,613.4353326638416,,8.0,270.0,8.0,8.0,270.0,270.0,7
Scenario 1,Turb7_Row1_Floris,2,GP,178.45810210704803,650.6455564018725,177.92726393177654,8.0,270.0,8.0,8.0,270.0,270.0,7
Scenario 1,Turb7_Row1_Floris,2,TabPFN-Fallback,180.41992783546448,658.0080673829021,174.168626671036,8.0,270.0,8.0,8.0,270.0,270.0,7
Scenario 1,Turb7_Row1_Floris,2,GraphPFN,174.08858847618103,634.8212306284458,169.92396545410156,8.0,270.0,8.0,8.0,270.0,270.0,7
Scenario 2,Turb7_Row1_Floris,2,Do-Nothing,166.34695756435394,606.3648241490321,,8.0,270.0,3.463167905807495,9.33950424194336,230.60751342773438,311.1340637207031,7
Scenario 2,Turb7_Row1_Floris,2,Random,168.20194458961487,613.4353326638416,,8.0,270.0,3.463167905807495,9.33950424194336,230.60751342773438,311.1340637207031,7
Scenario 2,Turb7_Row1_Floris,2,GP,173.00725889205933,631.4007056766092,427.81676444881396,8.0,270.0,3.463167905807495,9.33950424194336,230.60751342773438,311.1340637207031,7
Scenario 2,Turb7_Row1_Floris,2,TabPFN-Fallback,171.86196339130402,626.7264586252369,249.92645183950668,8.0,270.0,3.463167905807495,9.33950424194336,230.60751342773438,311.1340637207031,7
Scenario 2,Turb7_Row1_Floris,2,GraphPFN,170.9129934310913,623.2519786135308,389.86346435546875,8.0,270.0,3.463167905807495,9.33950424194336,230.60751342773438,311.1340637207031,7
Scenario 1,Turb8_Row1_Floris,0,Do-Nothing,161.12789499759674,671.7915695006956,,8.0,270.0,8.0,8.0,270.0,270.0,8
Scenario 1,Turb8_Row1_Floris,0,Random,163.69800090789795,682.7054461998567,,8.0,270.0,8.0,8.0,270.0,270.0,8
Scenario 1,Turb8_Row1_Floris,0,GP,183.1626331806183,763.8202365524213,172.05775866095314,8.0,270.0,8.0,8.0,270.0,270.0,8
Scenario 1,Turb8_Row1_Floris,0,TabPFN-Fallback,173.69445669651031,724.4250857001566,171.2041633576155,8.0,270.0,8.0,8.0,270.0,270.0,8
Scenario 1,Turb8_Row1_Floris,0,GraphPFN,172.2340282201767,718.3500324764409,165.20741271972656,8.0,270.0,8.0,8.0,270.0,270.0,8
Scenario 2,Turb8_Row1_Floris,0,Do-Nothing,161.12789499759674,671.7915695006956,,8.0,270.0,4.60479736328125,10.395442962646484,211.2790985107422,325.9161071777344,8
Scenario 2,Turb8_Row1_Floris,0,Random,163.69800090789795,682.7054461998567,,8.0,270.0,4.60479736328125,10.395442962646484,211.2790985107422,325.9161071777344,8
Scenario 2,Turb8_Row1_Floris,0,GP,163.69800090789795,682.7054461998567,414.8145446777344,8.0,270.0,4.60479736328125,10.395442962646484,211.2790985107422,325.9161071777344,8
Scenario 2,Turb8_Row1_Floris,0,TabPFN-Fallback,164.42786264419556,685.7623601680733,334.13464085261035,8.0,270.0,4.60479736328125,10.395442962646484,211.2790985107422,325.9161071777344,8
Scenario 2,Turb8_Row1_Floris,0,GraphPFN,169.6310352087021,707.5084123803679,416.1752014160156,8.0,270.0,4.60479736328125,10.395442962646484,211.2790985107422,325.9161071777344,8
Scenario 1,Turb8_Row1_Floris,1,Do-Nothing,161.12789499759674,671.7915695006956,,8.0,270.0,8.0,8.0,270.0,270.0,8
Scenario 1,Turb8_Row1_Floris,1,Random,162.2810605764389,676.67423821048,,8.0,270.0,8.0,8.0,270.0,270.0,8
Scenario 1,Turb8_Row1_Floris,1,GP,175.3836793899536,731.2042502603845,175.38368227173459,8.0,270.0,8.0,8.0,270.0,270.0,8
Scenario 1,Turb8_Row1_Floris,1,TabPFN-Fallback,183.06157648563385,763.3962506887715,170.3873579601446,8.0,270.0,8.0,8.0,270.0,270.0,8
Scenario 1,Turb8_Row1_Floris,1,GraphPFN,162.99469077587128,680.0639084024857,165.49383544921875,8.0,270.0,8.0,8.0,270.0,270.0,8
Scenario 2,Turb8_Row1_Floris,1,Do-Nothing,161.12789499759674,671.7915695006956,,8.0,270.0,4.404353618621826,9.937406539916992,227.24351501464844,307.3428955078125,8
Scenario 2,Turb8_Row1_Floris,1,Random,162.2810605764389,676.67423821048,,8.0,270.0,4.404353618621826,9.937406539916992,227.24351501464844,307.3428955078125,8
Scenario 2,Turb8_Row1_Floris,1,GP,174.839289188385,729.1968541529774,465.7340572199026,8.0,270.0,4.404353618621826,9.937406539916992,227.24351501464844,307.3428955078125,8
Scenario 2,Turb8_Row1_Floris,1,TabPFN-Fallback,167.29135715961456,697.5350467724534,265.22435573736846,8.0,270.0,4.404353618621826,9.937406539916992,227.24351501464844,307.3428955078125,8
Scenario 2,Turb8_Row1_Floris,1,GraphPFN,168.79192996025085,703.7694624414421,376.4317626953125,8.0,270.0,4.404353618621826,9.937406539916992,227.24351501464844,307.3428955078125,8
Scenario 1,Turb8_Row1_Floris,2,Do-Nothing,161.12789499759674,671.7915695006956,,8.0,270.0,8.0,8.0,270.0,270.0,8
Scenario 1,Turb8_Row1_Floris,2,Random,162.73735070228577,678.8106540723214,,8.0,270.0,8.0,8.0,270.0,270.0,8
Scenario 1,Turb8_Row1_Floris,2,GP,183.11262011528015,763.6096028636155,174.2563785289287,8.0,270.0,8.0,8.0,270.0,270.0,8
Scenario 1,Turb8_Row1_Floris,2,TabPFN-Fallback,174.32013607025146,727.0422921379065,170.40738352139797,8.0,270.0,8.0,8.0,270.0,270.0,8
Scenario 1,Turb8_Row1_Floris,2,GraphPFN,167.67879736423492,699.3524536859098,165.0228729248047,8.0,270.0,8.0,8.0,270.0,270.0,8
Scenario 2,Turb8_Row1_Floris,2,Do-Nothing,161.12789499759674,671.7915695006956,,8.0,270.0,5.19812536239624,9.363155364990234,216.28810119628906,309.17230224609375,8
Scenario 2,Turb8_Row1_Floris,2,Random,162.73735070228577,678.8106540723214,,8.0,270.0,5.19812536239624,9.363155364990234,216.28810119628906,309.17230224609375,8
Scenario 2,Turb8_Row1_Floris,2,GP,171.81045639514923,717.3975208921574,464.0659607823831,8.0,270.0,5.19812536239624,9.363155364990234,216.28810119628906,309.17230224609375,8
Scenario 2,Turb8_Row1_Floris,2,TabPFN-Fallback,171.81045639514923,717.3975208921574,362.21224548419315,8.0,270.0,5.19812536239624,9.363155364990234,216.28810119628906,309.17230224609375,8
Scenario 2,Turb8_Row1_Floris,2,GraphPFN,164.1388932466507,684.3836967894181,408.09222412109375,8.0,270.0,5.19812536239624,9.363155364990234,216.28810119628906,309.17230224609375,8
Scenario 1,Turb9_Row1_Floris,0,Do-Nothing,157.12470722198486,737.5194849939106,,8.0,270.0,8.0,8.0,270.0,270.0,9
Scenario 1,Turb9_Row1_Floris,0,Random,161.38708066940308,757.7193791555305,,8.0,270.0,8.0,8.0,270.0,270.0,9
Scenario 1,Turb9_Row1_Floris,0,GP,165.7138432264328,778.0722673406556,166.60733583895336,8.0,270.0,8.0,8.0,270.0,270.0,9
Scenario 1,Turb9_Row1_Floris,0,TabPFN-Fallback,171.91092813014984,807.1059116162796,166.61662123103932,8.0,270.0,8.0,8.0,270.0,270.0,9
Scenario 1,Turb9_Row1_Floris,0,GraphPFN,161.08858275413513,756.2821314613391,161.587158203125,8.0,270.0,8.0,8.0,270.0,270.0,9
Scenario 2,Turb9_Row1_Floris,0,Do-Nothing,157.12470722198486,737.5194849939106,,8.0,270.0,5.298114776611328,10.395442962646484,207.87326049804688,306.4402160644531,9
Scenario 2,Turb9_Row1_Floris,0,Random,161.38708066940308,757.7193791555305,,8.0,270.0,5.298114776611328,10.395442962646484,207.87326049804688,306.4402160644531,9
Scenario 2,Turb9_Row1_Floris,0,GP,158.76158273220062,745.3631956648726,502.47855532808114,8.0,270.0,5.298114776611328,10.395442962646484,207.87326049804688,306.4402160644531,9
Scenario 2,Turb9_Row1_Floris,0,TabPFN-Fallback,158.09365963935852,742.3469077050253,345.807180762291,8.0,270.0,5.298114776611328,10.395442962646484,207.87326049804688,306.4402160644531,9
Scenario 2,Turb9_Row1_Floris,0,GraphPFN,161.08858275413513,756.2821314613391,370.7909851074219,8.0,270.0,5.298114776611328,10.395442962646484,207.87326049804688,306.4402160644531,9
Scenario 1,Turb9_Row1_Floris,1,Do-Nothing,157.12470722198486,737.5194849939106,,8.0,270.0,8.0,8.0,270.0,270.0,9
Scenario 1,Turb9_Row1_Floris,1,Random,158.0142582654953,741.7789695144844,,8.0,270.0,8.0,8.0,270.0,270.0,9
Scenario 1,Turb9_Row1_Floris,1,GP,168.55717933177948,791.4355000599894,167.94933433929785,8.0,270.0,8.0,8.0,270.0,270.0,9
Scenario 1,Turb9_Row1_Floris,1,TabPFN-Fallback,161.91005218029022,760.0993279087102,165.6214260955651,8.0,270.0,8.0,8.0,270.0,270.0,9
Scenario 1,Turb9_Row1_Floris,1,GraphPFN,158.96225702762604,746.6418704969889,160.90643310546875,8.0,270.0,8.0,8.0,270.0,270.0,9
Scenario 2,Turb9_Row1_Floris,1,Do-Nothing,157.12470722198486,737.5194849939106,,8.0,270.0,5.027004241943359,9.035989761352539,220.84872436523438,307.3428955078125,9
Scenario 2,Turb9_Row1_Floris,1,Random,158.0142582654953,741.7789695144844,,8.0,270.0,5.027004241943359,9.035989761352539,220.84872436523438,307.3428955078125,9
Scenario 2,Turb9_Row1_Floris,1,GP,159.3510468006134,748.0049319608272,409.76062876065436,8.0,270.0,5.027004241943359,9.035989761352539,220.84872436523438,307.3428955078125,9
Scenario 2,Turb9_Row1_Floris,1,TabPFN-Fallback,158.6272051334381,744.9999798110231,224.84868068496382,8.0,270.0,5.027004241943359,9.035989761352539,220.84872436523438,307.3428955078125,9
Scenario 2,Turb9_Row1_Floris,1,GraphPFN,162.83899629116058,764.6330362740716,349.0348205566406,8.0,270.0,5.027004241943359,9.035989761352539,220.84872436523438,307.3428955078125,9
Scenario 1,Turb9_Row1_Floris,2,Do-Nothing,157.12470722198486,737.5194849939106,,8.0,270.0,8.0,8.0,270.0,270.0,9
Scenario 1,Turb9_Row1_Floris,2,Random,158.4085432291031,743.9070422340242,,8.0,270.0,8.0,8.0,270.0,270.0,9
Scenario 1,Turb9_Row1_Floris,2,GP,170.01940488815308,798.2939492796016,170.01940932352355,8.0,270.0,8.0,8.0,270.0,270.0,9
Scenario 1,Turb9_Row1_Floris,2,TabPFN-Fallback,175.74816071987152,825.0700819181843,167.89738484223676,8.0,270.0,8.0,8.0,270.0,270.0,9
Scenario 1,Turb9_Row1_Floris,2,GraphPFN,162.84364640712738,764.6330362740716,160.7822723388672,8.0,270.0,8.0,8.0,270.0,270.0,9
Scenario 2,Turb9_Row1_Floris,2,Do-Nothing,157.12470722198486,737.5194849939106,,8.0,270.0,3.8120057582855225,9.661709785461426,235.4631805419922,309.17230224609375,9
Scenario 2,Turb9_Row1_Floris,2,Random,158.4085432291031,743.9070422340242,,8.0,270.0,3.8120057582855225,9.661709785461426,235.4631805419922,309.17230224609375,9
Scenario 2,Turb9_Row1_Floris,2,GP,161.44153249263763,758.0584503252419,483.01036278524606,8.0,270.0,3.8120057582855225,9.661709785461426,235.4631805419922,309.17230224609375,9
Scenario 2,Turb9_Row1_Floris,2,TabPFN-Fallback,169.07667517662048,793.7733973241625,296.90412583450467,8.0,270.0,3.8120057582855225,9.661709785461426,235.4631805419922,309.17230224609375,9
Scenario 2,Turb9_Row1_Floris,2,GraphPFN,163.78357410430908,769.0444270078854,393.9586181640625,8.0,270.0,3.8120057582855225,9.661709785461426,235.4631805419922,309.17230224609375,9
Scenario 1,Turb_TCRWP_Floris,0,Do-Nothing,161.44240999221802,2692.400475718688,,8.0,270.0,8.0,8.0,270.0,270.0,32
Scenario 1,Turb_TCRWP_Floris,0,Random,167.59476602077484,2795.711739407786,,8.0,270.0,8.0,8.0,270.0,270.0,32
Scenario 1,Turb_TCRWP_Floris,0,GP,172.56184077262878,2878.5760575496433,172.5618349131731,8.0,270.0,8.0,8.0,270.0,270.0,32
Scenario 1,Turb_TCRWP_Floris,0,TabPFN-Fallback,169.82806277275085,2832.951830842233,168.7511921525001,8.0,270.0,8.0,8.0,270.0,270.0,32
Scenario 1,Turb_TCRWP_Floris,0,GraphPFN,163.12495601177216,2721.3070028384686,166.628173828125,8.0,270.0,8.0,8.0,270.0,270.0,32
Scenario 2,Turb_TCRWP_Floris,0,Do-Nothing,161.44240999221802,2692.400475718688,,8.0,270.0,6.015547752380371,9.766475677490234,233.87734985351562,308.5113220214844,32
Scenario 2,Turb_TCRWP_Floris,0,Random,167.59476602077484,2795.711739407786,,8.0,270.0,6.015547752380371,9.766475677490234,233.87734985351562,308.5113220214844,32
Scenario 2,Turb_TCRWP_Floris,0,GP,167.59476602077484,2795.711739407786,368.60227150911237,8.0,270.0,6.015547752380371,9.766475677490234,233.87734985351562,308.5113220214844,32
Scenario 2,Turb_TCRWP_Floris,0,TabPFN-Fallback,165.95778858661652,2768.3178750978877,349.3263191382089,8.0,270.0,6.015547752380371,9.766475677490234,233.87734985351562,308.5113220214844,32
Scenario 2,Turb_TCRWP_Floris,0,GraphPFN,165.53048717975616,2761.61325961441,359.4905700683594,8.0,270.0,6.015547752380371,9.766475677490234,233.87734985351562,308.5113220214844,32
Scenario 1,Turb_TCRWP_Floris,1,Do-Nothing,161.44240999221802,2692.400475718688,,8.0,270.0,8.0,8.0,270.0,270.0,32
Scenario 1,Turb_TCRWP_Floris,1,Random,161.87318348884583,2700.0916645153766,,8.0,270.0,8.0,8.0,270.0,270.0,32
Scenario 1,Turb_TCRWP_Floris,1,GP,169.29819929599762,2824.445769931332,169.29820145213125,8.0,270.0,8.0,8.0,270.0,270.0,32
Scenario 1,Turb_TCRWP_Floris,1,TabPFN-Fallback,166.62565219402313,2779.7516949903597,167.43710585435235,8.0,270.0,8.0,8.0,270.0,270.0,32
Scenario 1,Turb_TCRWP_Floris,1,GraphPFN,166.29485619068146,2774.6811482962867,165.39581298828125,8.0,270.0,8.0,8.0,270.0,270.0,32
Scenario 2,Turb_TCRWP_Floris,1,Do-Nothing,161.44240999221802,2692.400475718688,,8.0,270.0,4.404353618621826,9.63210391998291,229.61468505859375,309.8233337402344,32
Scenario 2,Turb_TCRWP_Floris,1,Random,161.87318348884583,2700.0916645153766,,8.0,270.0,4.404353618621826,9.63210391998291,229.61468505859375,309.8233337402344,32
Scenario 2,Turb_TCRWP_Floris,1,GP,162.75029337406158,2714.984933424141,374.3716742247493,8.0,270.0,4.404353618621826,9.63210391998291,229.61468505859375,309.8233337402344,32
Scenario 2,Turb_TCRWP_Floris,1,TabPFN-Fallback,165.9746195077896,2768.7086691243085,282.75867590308206,8.0,270.0,4.404353618621826,9.63210391998291,229.61468505859375,309.8233337402344,32
Scenario 2,Turb_TCRWP_Floris,1,GraphPFN,169.0520180463791,2820.8405830127026,336.6021423339844,8.0,270.0,4.404353618621826,9.63210391998291,229.61468505859375,309.8233337402344,32
Scenario 1,Turb_TCRWP_Floris,2,Do-Nothing,161.44240999221802,2692.400475718688,,8.0,270.0,8.0,8.0,270.0,270.0,32
Scenario 1,Turb_TCRWP_Floris,2,Random,165.06497418880463,2753.7519113456874,,8.0,270.0,8.0,8.0,270.0,270.0,32
Scenario 1,Turb_TCRWP_Floris,2,GP,170.7977478504181,2848.9451390848117,170.77074287699668,8.0,270.0,8.0,8.0,270.0,270.0,32
Scenario 1,Turb_TCRWP_Floris,2,TabPFN-Fallback,169.2391059398651,2823.027517462766,168.19739536444348,8.0,270.0,8.0,8.0,270.0,270.0,32
Scenario 1,Turb_TCRWP_Floris,2,GraphPFN,166.09241449832916,2771.4291280119655,166.04400634765625,8.0,270.0,8.0,8.0,270.0,270.0,32
Scenario 2,Turb_TCRWP_Floris,2,Do-Nothing,161.44240999221802,2692.400475718688,,8.0,270.0,5.236491680145264,9.176079750061035,230.1637420654297,322.4348449707031,32
Scenario 2,Turb_TCRWP_Floris,2,Random,165.06497418880463,2753.7519113456874,,8.0,270.0,5.236491680145264,9.176079750061035,230.1637420654297,322.4348449707031,32
Scenario 2,Turb_TCRWP_Floris,2,GP,165.06497418880463,2753.7519113456874,356.5606689453125,8.0,270.0,5.236491680145264,9.176079750061035,230.1637420654297,322.4348449707031,32
Scenario 2,Turb_TCRWP_Floris,2,TabPFN-Fallback,167.0437343120575,2786.6469695851615,375.16624791423476,8.0,270.0,5.236491680145264,9.176079750061035,230.1637420654297,322.4348449707031,32
Scenario 2,Turb_TCRWP_Floris,2,GraphPFN,164.6422027349472,2746.8764140365092,357.4683837890625,8.0,270.0,5.236491680145264,9.176079750061035,230.1637420654297,322.4348449707031,32
Scenario 1,WMR_Floris,0,Do-Nothing,475.01110649108887,8545.766650819987,,8.0,270.0,8.0,8.0,270.0,270.0,35
Scenario 1,WMR_Floris,0,Random,470.9833073616028,8474.017897074189,,8.0,270.0,8.0,8.0,270.0,270.0,35
Scenario 1,WMR_Floris,0,GP,473.6889617443085,8522.256756274626,473.6889649044371,8.0,270.0,8.0,8.0,270.0,270.0,35
Scenario 1,WMR_Floris,0,TabPFN-Fallback,473.84806847572327,8525.11662545268,472.54809697469085,8.0,270.0,8.0,8.0,270.0,270.0,35
Scenario 1,WMR_Floris,0,GraphPFN,471.2268624305725,8478.381574042374,471.440673828125,8.0,270.0,8.0,8.0,270.0,270.0,35
Scenario 2,WMR_Floris,0,Do-Nothing,475.01110649108887,8545.766650819987,,8.0,270.0,4.171700954437256,9.510956764221191,224.99717712402344,327.4900207519531,35
Scenario 2,WMR_Floris,0,Random,470.9833073616028,8474.017897074189,,8.0,270.0,4.171700954437256,9.510956764221191,224.99717712402344,327.4900207519531,35
Scenario 2,WMR_Floris,0,GP,470.9833073616028,8474.017897074189,443.62286376953125,8.0,270.0,4.171700954437256,9.510956764221191,224.99717712402344,327.4900207519531,35
Scenario 2,WMR_Floris,0,TabPFN-Fallback,472.38009333610535,8498.90920973856,470.20893730719877,8.0,270.0,4.171700954437256,9.510956764221191,224.99717712402344,327.4900207519531,35
Scenario 2,WMR_Floris,0,GraphPFN,471.68514132499695,8486.514043259882,444.240966796875,8.0,270.0,4.171700954437256,9.510956764221191,224.99717712402344,327.4900207519531,35
Scenario 1,WMR_Floris,1,Do-Nothing,475.01110649108887,8545.766650819987,,8.0,270.0,8.0,8.0,270.0,270.0,35
Scenario 1,WMR_Floris,1,Random,471.0353333950043,8474.91791648722,,8.0,270.0,8.0,8.0,270.0,270.0,35
Scenario 1,WMR_Floris,1,GP,473.3789532184601,8516.72047370731,473.3677969548286,8.0,270.0,8.0,8.0,270.0,270.0,35
Scenario 1,WMR_Floris,1,TabPFN-Fallback,472.73436522483826,8505.245570509429,472.5999392072358,8.0,270.0,8.0,8.0,270.0,270.0,35
Scenario 1,WMR_Floris,1,GraphPFN,470.8623614311218,8471.803280273283,471.6695556640625,8.0,270.0,8.0,8.0,270.0,270.0,35
Scenario 2,WMR_Floris,1,Do-Nothing,475.01110649108887,8545.766650819987,,8.0,270.0,4.5910325050354,9.681029319763184,241.34912109375,289.57537841796875,35
Scenario 2,WMR_Floris,1,Random,471.0353333950043,8474.91791648722,,8.0,270.0,4.5910325050354,9.681029319763184,241.34912109375,289.57537841796875,35
Scenario 2,WMR_Floris,1,GP,471.0353333950043,8474.91791648722,452.1922302246094,8.0,270.0,4.5910325050354,9.681029319763184,241.34912109375,289.57537841796875,35
Scenario 2,WMR_Floris,1,TabPFN-Fallback,470.8602135181427,8471.827073713723,469.01763782898576,8.0,270.0,4.5910325050354,9.681029319763184,241.34912109375,289.57537841796875,35
Scenario 2,WMR_Floris,1,GraphPFN,471.4704124927521,8482.657944225271,452.5311584472656,8.0,270.0,4.5910325050354,9.681029319763184,241.34912109375,289.57537841796875,35
Scenario 1,WMR_Floris,2,Do-Nothing,475.01110649108887,8545.766650819987,,8.0,270.0,8.0,8.0,270.0,270.0,35
Scenario 1,WMR_Floris,2,Random,471.47109293937683,8482.673182081619,,8.0,270.0,8.0,8.0,270.0,270.0,35
Scenario 1,WMR_Floris,2,GP,473.7272973060608,8522.986202614044,473.71305747894337,8.0,270.0,8.0,8.0,270.0,270.0,35
Scenario 1,WMR_Floris,2,TabPFN-Fallback,472.7591292858124,8505.676179817243,472.7551198005674,8.0,270.0,8.0,8.0,270.0,270.0,35
Scenario 1,WMR_Floris,2,GraphPFN,472.0037693977356,8492.201420257554,471.5451965332031,8.0,270.0,8.0,8.0,270.0,270.0,35
Scenario 2,WMR_Floris,2,Do-Nothing,475.01110649108887,8545.766650819987,,8.0,270.0,5.957923889160156,9.865653991699219,233.5397186279297,323.7864990234375,35
Scenario 2,WMR_Floris,2,Random,471.47109293937683,8482.673182081619,,8.0,270.0,5.957923889160156,9.865653991699219,233.5397186279297,323.7864990234375,35
Scenario 2,WMR_Floris,2,GP,471.47109293937683,8482.673182081619,441.6258544921875,8.0,270.0,5.957923889160156,9.865653991699219,233.5397186279297,323.7864990234375,35
Scenario 2,WMR_Floris,2,TabPFN-Fallback,472.7559108734131,8505.581731791264,467.1888430515925,8.0,270.0,5.957923889160156,9.865653991699219,233.5397186279297,323.7864990234375,35
Scenario 2,WMR_Floris,2,GraphPFN,471.20126581192017,8477.905577259313,442.21185302734375,8.0,270.0,5.957923889160156,9.865653991699219,233.5397186279297,323.7864990234375,35
